description,category,urgency_score,urgency_level,location_type,category_label,urgency_label
"Culvert filled with mud after rain, water is entering nearby shops.",drainage,8.0,high,market,1,1
फोहोर उठाउने गाडी ढिलो आउँदा व्यापारिक क्षेत्र मा फोहोर जम्मा भइरहेको छ। बाटो र क्षेत्र फोहोर भइरहेको छ।,trash,5.4,medium,commercial,7,3
"Community hall covered with political slogans in a commercial area, the same place was damaged repeatedly.",vandalism,6.5,high,commercial,8,1
"Sharp-bend sign hanging from one bolt in a public area, motorcycles are braking suddenly.",road_damaged_sign,8.5,high,public,6,1
"Sharp-bend sign hidden by branches in Tulsipur, night drivers cannot see the hazard.",road_damaged_sign,8.5,high,public,6,1
The road has a deep hole that drivers need to avoid. It is causing vehicles to shake while crossing.,pothole,9.5,critical,hospital,5,0
फोहोर उठाउने गाडी ढिलो आउँदा अस्पताल मा फोहोर जम्मा भइरहेको छ। छिटो फोहोर उठाइदिनुपर्यो।,trash,8.6,critical,hospital,7,0
"Community drain overflowing near a school after recent rain, children are walking through dirty water.",drainage,7.5,high,school,1,1
Household waste left outside homes at shops.,domestic_trash,4.5,medium,commercial,0,3
Plastic bottles scattered near the road on the industrial road.,trash,8.0,high,industrial,7,1
Bato ko bich ma khadal parera gadi haru avoid garirachan. Bato banaidina paryo.,pothole,5.0,medium,market,5,3
Plastic bottles scattered near the road at the community area.,trash,6.0,medium,public,7,3
There is a hole on the street that drivers are trying to avoid. Several motorcycles are avoiding the same spot.,pothole,9.0,critical,school,5,0
"Animal-crossing sign hidden by branches in a public area, drivers are not warned about livestock.",road_damaged_sign,7.0,high,public,6,1
"Pedestrian underpass left with broken tiles on a residential road, the same place was damaged repeatedly.",vandalism,5.5,medium,residential,8,3
"School boundary wall scraped across the surface near an industrial road, damage is visible from the school gate.",vandalism,5.0,medium,industrial,8,3
"Plastic bottles scattered near the road, on the public road.",trash,7.5,high,public,7,1
म्यानहोलको ढक्कन फुटेर आवासीय क्षेत्र को बाटोमा ठूलो खाल्डो भएको छ। मानिसहरूलाई धेरै खतरा भएको छ।,infrastructure,5.4,high,residential,4,1
"Highway drain blocked on the highway, waterlogging is slowing heavy traffic.",drainage,8.0,high,highway,1,1
Food waste is scattered around because dogs are tearing the bags. The waste is spreading after people pass by.,garbage,9.5,critical,market,2,0
"One-way sign cracked with a loose edge near a school, traffic slows while drivers confirm the route.",road_damaged_sign,4.5,medium,school,6,3
"Main sewer line filled with mud after rain after recent rain, water is entering nearby shops.",drainage,7.5,high,market,1,1
"Taxis parked at a busy junction, drivers cannot see approaching vehicles.",illegal_parking,8.0,high,market,3,1
Deep potholes damaging the road surface near the road junction.,infrastructure,9.5,high,highway,4,1
Yo khadal le bike chalauna garo bhako cha. Yaha bata hidna garo bhako cha.,pothole,8.5,high,hospital,5,1
"Motorcycles blocking a public bus stop, buses are stopping in the traffic lane.",illegal_parking,6.5,high,commercial,3,1
Household waste has been left outside for several days. The bin is too full to hold more waste.,garbage,2.0,low,market,2,2
"Cars left over a zebra crossing after recent rain, pedestrians are walking into traffic.",illegal_parking,7.5,high,public,3,1
सडक संकेत व्यापारिक क्षेत्र को चोकमा भत्किएर दुर्घटनाको डर भएको छ। नयाँ साइन राख्नुपर्यो।,road_damaged_sign,6.5,medium,commercial,6,3
Plastic bags and food waste are spread around the area. People are avoiding that part of the street.,garbage,7.5,high,market,2,1
प्लास्टिक र कागजको फोहोर बतासले उडेर व्यापारिक क्षेत्र तिर फैलिएको छ। बाटो र क्षेत्र फोहोर भइरहेको छ।,trash,4.7,medium,commercial,7,3
"A large pile of rubbish has been left beside the roadside near a frequently used pedestrian route, near the main road junction.",trash,4.0,medium,highway,7,3
"School boundary wall marked with offensive words near an industrial road, children can see inappropriate language.",vandalism,7.0,high,industrial,8,1
"Landslide warning sign turned toward the wrong road near a market, motorcycles are braking suddenly.",road_damaged_sign,7.5,high,market,6,1
Garbage is collecting near houses and the smell is getting worse. The bin is too full to hold more waste.,garbage,5.0,medium,residential,2,3
There is rubbish around the road and it needs cleaning. The area can be cleaned during the normal collection.,garbage,2.5,low,school,2,2
"Rental cars blocking a hospital entrance after recent rain, ambulances are delayed.",illegal_parking,9.5,critical,hospital,3,0
The road has a damaged patch with a noticeable hole. The edge of the road is also starting to break.,pothole,6.5,high,hospital,5,1
घरघरबाट आएको फोहोर व्यापारिक क्षेत्र को ढलसम्म पुगेको छ। फोहोर चाँडै उठाउनुपर्यो।,domestic_trash,5.8,medium,commercial,0,3
"Culvert leaking near a hospital since yesterday, dirty water is crossing the entrance.",drainage,8.5,high,hospital,1,1
The public bin is full and people are putting bags beside it. Residents are asking for the waste to be picked up.,garbage,5.5,medium,school,2,3
सडकको सतह भत्किएर व्यापारिक क्षेत्र मा गाडी चलाउन गाह्रो भएको छ। सरकारले चाँडै हेर्नुपर्यो।,infrastructure,6.0,medium,commercial,4,3
"Temple wall left with official lettering blacked out on a highway, the culturally important surface is damaged.",vandalism,7.5,high,highway,8,1
"Minibuses parked at a busy junction since yesterday, drivers cannot see approaching vehicles.",illegal_parking,8.0,high,market,3,1
Deep potholes damaging the road surface at the residential lane.,infrastructure,4.5,medium,residential,4,3
Household waste has been left outside for several days. The smell is noticeable around the area.,garbage,3.0,low,school,2,2
Food waste is scattered around because dogs are tearing the bags. There are food leftovers mixed with plastic.,garbage,5.0,medium,hospital,2,3
"A streetlight pole has been damaged and is leaning toward the pedestrian walkway, near the community area.",infrastructure,7.0,high,public,4,1
There is a broken section of road near the walking path. The hole is making the road uncomfortable to use.,pothole,7.0,high,market,5,1
"Park signboard scraped across the surface near a school, emergency contact details are blocked.",vandalism,7.5,high,school,8,1
Garbage bags are broken and the waste is spread across the sidewalk. Flies are gathering around the waste.,garbage,3.5,low,school,2,2
सिग्नल बोर्ड राजमार्ग मा पुरानो भएर मानिसहरूले देख्न सक्दैनन्। नयाँ साइन राख्नुपर्यो।,road_damaged_sign,7.4,high,highway,6,1
"Cargo vans left beside a no-parking sign in Dharan, traffic is moving slowly.",illegal_parking,6.0,medium,commercial,3,3
दिशा सूचक बोर्ड आवासीय क्षेत्र बाट हराएर चालकहरू भ्रमित भइरहेका छन्। छिटो मर्मत गर्नुपर्यो।,road_damaged_sign,5.2,high,residential,6,1
Loose paving blocks near the entrance near the warehouse.,infrastructure,3.5,low,industrial,4,2
Khadal ma pani bhareko le kati deep cha thaha hudaina. Bato banaidina paryo.,pothole,3.5,low,hospital,5,2
"Buses blocking a residential driveway, residents cannot move their vehicles.",illegal_parking,4.5,medium,residential,3,3
"Government vehicles left near an industrial gate in Birgunj, large vehicles have little turning space.",illegal_parking,6.5,high,industrial,3,1
The road surface is broken and there is a pothole in the middle. The edge of the road is also starting to break.,pothole,3.0,low,hospital,5,2
"Motorcycles left beside a no-parking sign, traffic is moving slowly.",illegal_parking,6.0,medium,commercial,3,3
There is a hole on the street that drivers are trying to avoid. Motorcycles are slowing down at that point.,pothole,5.0,medium,hospital,5,3
"Health-post wall scraped across the surface near an industrial road, patients cannot read the service details.",vandalism,6.5,high,industrial,8,1
Uncollected kitchen waste is piling up outside several homes and creating a strong unpleasant smell along the hospital access road.,domestic_trash,6.0,medium,hospital,0,3
There is a bad smell coming from the garbage near the street. The waste is close to the walking path.,garbage,8.5,high,market,2,1
Household rubbish blocking the pavement on the public road.,domestic_trash,7.0,high,public,0,1
Garbage bags are broken and the waste is spread across the sidewalk. The waste is close to a drain and is affecting water flow.,garbage,8.0,high,hospital,2,1
"Junction sign faded and unreadable near an industrial road, vehicles are entering from conflicting directions.",road_damaged_sign,9.5,critical,industrial,6,0
There are potholes on the street and motorcycles are struggling to pass. It is on a road used by many people.,pothole,5.5,medium,school,5,3
ट्रक र बसहरू औद्योगिक क्षेत्र को बाटो छेकेर पार्किङ गरेका छन्। छिटो कारबाही गर्नुपर्यो।,illegal_parking,6.5,medium,industrial,3,3
"Domestic waste is overflowing from a collection area and spreading into the nearby residential road, beside the school boundary.",domestic_trash,7.0,high,school,0,1
"फोहोर मैला संकलन नभएको धेरै दिन भयो, व्यापारिक क्षेत्र मा फोहोरको थुप्रो जम्मा भएको छ। छिटो फोहोर उठाइदिनुपर्यो।",trash,5.9,medium,commercial,7,3
"Motorcycles left beside a no-parking sign after recent rain, traffic is moving slowly.",illegal_parking,6.0,medium,commercial,3,3
"Road divider damaged with permanent marker on a highway, sharp parts are exposed beside pedestrians.",vandalism,8.0,high,highway,8,1
"Trucks parked along a highway shoulder since yesterday, fast traffic is swerving around them.",illegal_parking,7.5,high,highway,3,1
"Rental cars left over a zebra crossing in Pokhara since yesterday, pedestrians are walking into traffic.",illegal_parking,7.5,high,public,3,1
"Government vehicles parked at a busy junction after recent rain, drivers cannot see approaching vehicles.",illegal_parking,8.0,high,market,3,1
"Bus-stop sign knocked down in a commercial area, people cannot identify the correct bus stop.",road_damaged_sign,4.0,low,commercial,6,2
A pothole is making vehicles move to the other side of the road. The road section is breaking further and traffic is being affected.,pothole,9.0,critical,school,5,0
"Community drain overflowing near a school, children are walking through dirty water.",drainage,7.5,high,school,1,1
"Pedestrian underpass scraped across the surface on a residential road, the markings are small but visible.",vandalism,3.5,low,residential,8,2
Discarded food packaging is covering part of the pavement near the shopping area near nearby homes.,trash,3.0,low,residential,7,2
"An overflowing public bin has caused plastic bottles and food containers to spill onto the pavement, along the student walkway.",trash,3.0,low,school,7,2
ढल लाइन राजमार्ग मा फुटेर दुर्गन्ध आइरहेको छ। नाला सफा गर्नुपर्यो।,drainage,7.3,high,highway,1,1
"School-zone sign missing from its pole on a highway, vehicles are braking when people enter the road.",road_damaged_sign,8.0,high,highway,6,1
"Private cars parked across a school gate, children are entering through traffic.",illegal_parking,7.5,high,school,3,1
Public waste has accumulated beside the entrance and is creating an unpleasant smell for visitors along the student walkway.,trash,5.0,medium,school,7,3
"Rubbish has been dumped near the hospital access road and is obstructing part of the walkway, along the student walkway.",trash,3.5,low,school,7,2
A hole has formed in the road and it is difficult for vehicles to pass. Drivers have to brake suddenly when they notice it.,pothole,8.5,high,hospital,5,1
बाटो साँघुरो भएर व्यापारिक क्षेत्र मा ट्राफिक जाम भइरहेको छ पार्किङका कारण। छिटो कारबाही गर्नुपर्यो।,illegal_parking,5.2,medium,commercial,3,3
Garbage bags torn open by dogs on the highway.,domestic_trash,8.5,high,highway,0,1
"Ward-office gate covered with illegal advertising near a hospital, emergency contact details are blocked.",vandalism,7.5,high,hospital,8,1
Broken barrier blocking part of the road at at the school entrance.,infrastructure,4.5,medium,school,4,3
"Taxis parked on both sides of a narrow road, emergency vehicles cannot pass.",illegal_parking,9.5,critical,hospital,3,0
Deep potholes damaging the road surface at the hospital.,infrastructure,9.0,high,hospital,4,1
"Ward-office gate left with official lettering blacked out near a hospital, emergency contact details are blocked.",vandalism,7.5,high,hospital,8,1
"One-way sign turned toward the wrong road near a school, traffic slows while drivers confirm the route.",road_damaged_sign,4.0,low,school,6,2
"A large crack has developed across the concrete pavement, creating a serious trip hazard for pedestrians outside several houses.",infrastructure,9.0,high,residential,4,1
"Rental cars parked across a school gate since yesterday, children are entering through traffic.",illegal_parking,8.0,high,school,3,1
The garbage container is overflowing and waste is on the road. Dogs are opening the bags and spreading the waste.,garbage,7.5,high,market,2,1
"Stop sign hidden by branches on a residential road, drivers are taking wrong turns and causing traffic.",road_damaged_sign,6.5,high,residential,6,1
The road is uneven because of a pothole. Water collects inside the hole after rain.,pothole,8.5,high,school,5,1
"Community hall covered with political slogans in a commercial area, the markings are small but visible.",vandalism,3.5,low,commercial,8,2
Mixed litter blocking the footpath outside houses.,trash,5.0,medium,residential,7,3
Trash bags scattered on the street at the highway shoulder.,domestic_trash,4.0,medium,highway,0,3
Household trash bags are scattered across the residential street after being torn open by stray dogs along the student walkway.,domestic_trash,3.5,low,school,0,2
The garbage container is overflowing and waste is on the road. The pile is spreading widely and creating a severe sanitation problem.,garbage,9.5,critical,market,2,0
"Open drain leaking near a hospital after recent rain, dirty water is crossing the entrance.",drainage,9.0,critical,hospital,1,0
Loose paving blocks near the entrance on the highway.,infrastructure,9.5,high,highway,4,1
"Footbridge railing damaged with permanent marker on a residential road, the public facility is unsafe to use.",vandalism,7.0,high,residential,8,1
There is a pothole where water collects after rain. It is on a road used by many people.,pothole,5.5,medium,residential,5,3
There is a hole on the street that drivers are trying to avoid. Drivers can see it clearly during the day.,pothole,3.0,low,market,5,2
"Direction sign missing at the highway exit, drivers confused and taking wrong turns, causing traffic chaos",road_damaged_sign,7.0,high,hospital,6,1
There is waste scattered near the roadside and it needs to be collected. The waste is close to the walking path.,garbage,2.0,low,residential,2,2
Waste is blocking part of the footpath. Children are passing through the area every day.,garbage,5.0,medium,residential,2,3
There is a hole near the edge of the road where motorcycles pass. The damaged section is affecting normal traffic.,pothole,9.5,critical,school,5,0
Garbage is piling up near the footpath and making it difficult to pass. The garbage is increasing day by day.,garbage,7.5,high,residential,2,1
"Storm-water drain partly blocked by leaves since yesterday, water drains slowly during rain.",drainage,5.0,medium,public,1,3
"Several bags of household rubbish are blocking part of the footpath outside a row of homes, along the neighborhood road.",domestic_trash,2.5,low,residential,0,2
Mixed litter blocking the footpath on the public road.,trash,3.5,low,public,7,2
"Motorcycles parked fully on the footpath, pedestrians are forced onto the road.",illegal_parking,7.5,high,residential,3,1
"Landslide warning sign hanging from one bolt in Nepalgunj, night drivers cannot see the hazard.",road_damaged_sign,8.0,high,market,6,1
Garbage is collecting near houses and the smell is getting worse. The waste is close to the walking path.,garbage,9.5,critical,school,2,0
The road surface has broken away and left a hole. Motorcycles are at risk of losing balance near the hole.,pothole,7.0,high,market,5,1
"Hospital access drain blocked with plastic waste since yesterday, rainwater is flooding the road.",drainage,8.5,high,residential,1,1
ढल लाइन विद्यालय मा फुटेर दुर्गन्ध आइरहेको छ। सरकारले चाँडै हेर्नुपर्यो।,drainage,8.9,critical,school,1,0
"One-way sign covered by posters near a school, traffic slows while drivers confirm the route.",road_damaged_sign,3.5,low,school,6,2
Loose domestic rubbish has been blown across the street and into the drainage area after strong wind near the warehouse area.,domestic_trash,3.5,low,industrial,0,2
Household waste left outside homes at houses.,domestic_trash,8.0,high,residential,0,1
"Public rubbish has been left beside the community walkway and is affecting normal pedestrian access, along the public walkway.",trash,4.0,medium,public,7,3
"Bus-stop sign blocked by a vendor board in Biratnagar, buses are stopping in the traffic lane.",road_damaged_sign,7.5,high,commercial,6,1
"Public gutter damaged near a commercial area, wastewater is spreading on the footpath.",drainage,7.5,high,commercial,1,1
"The highway shoulder is badly damaged and contains loose concrete pieces that could affect traffic, beside the hospital walkway.",infrastructure,4.0,medium,hospital,4,3
"Road divider covered with spray-painted tags on a highway, sharp parts are exposed beside pedestrians.",vandalism,8.5,high,highway,8,1
"Parking restriction sign bent away from traffic near a hospital, parked cars are blocking junction visibility.",road_damaged_sign,7.5,high,hospital,6,1
"Bridge-load sign painted over on a residential road, heavy vehicles may enter an unsafe bridge.",road_damaged_sign,9.5,critical,residential,6,0
The street is dirty because garbage has not been collected. The waste is visible from the nearby road.,garbage,2.0,low,market,2,2
"Junction sign faded and unreadable near an industrial road, traffic slows while drivers confirm the route.",road_damaged_sign,4.5,medium,industrial,6,3
"Cross-road drain breeding mosquitoes, the area has an increased disease risk.",drainage,7.0,high,residential,1,1
ढल व्यापारिक क्षेत्र मा अवरुद्ध भएर फोहोर पानी बाहिर बगिरहेको छ। सरकारले चाँडै हेर्नुपर्यो।,drainage,6.2,medium,commercial,1,3
The waste area is attracting flies and has a strong smell. The bin is too full to hold more waste.,garbage,2.5,low,hospital,2,2
"Public gutter blocked on the highway since yesterday, waterlogging is slowing heavy traffic.",drainage,8.0,high,highway,1,1
"Footbridge railing badly scratched on a residential road, the public facility is unsafe to use.",vandalism,7.0,high,residential,8,1
"Microbuses blocking a public bus stop after recent rain, buses are stopping in the traffic lane.",illegal_parking,7.5,high,commercial,3,1
"Community drain covered by construction debris since yesterday, water cannot reach the outlet.",drainage,6.0,medium,industrial,1,3
"Cars parked across a school gate, children are entering through traffic.",illegal_parking,8.0,high,school,3,1
"Several households have placed overflowing rubbish bags along the roadside, narrowing the pedestrian path, beside the school boundary.",domestic_trash,3.5,low,school,0,2
A pothole is causing buses and cars to slow down. It is not affecting the normal movement of vehicles.,pothole,2.5,low,market,5,2
An overflowing public bin has caused plastic bottles and food containers to spill onto the pavement beside the hospital walkway.,trash,7.5,high,hospital,7,1
A pothole is causing buses and cars to slow down. The hole is creating a serious risk for people using the road.,pothole,9.0,critical,residential,5,0
The roadside drain has collapsed and left a deep open gap beside the pedestrian route.,infrastructure,8.5,high,residential,4,1
Trash bags scattered on the street at in the business area.,domestic_trash,4.5,medium,commercial,0,3
Wind has scattered plastic waste and paper across the area around an overflowing public bin along the neighborhood road.,trash,3.0,low,residential,7,2
"Junction sign bent away from traffic in Ghorahi, drivers are taking wrong turns and causing traffic.",road_damaged_sign,6.5,high,industrial,6,1
"Public waste has accumulated beside the entrance and is creating an unpleasant smell for visitors, along the neighborhood road.",trash,7.0,high,residential,7,1
ढल राजमार्ग मा अवरुद्ध भएर फोहोर पानी बाहिर बगिरहेको छ। मानिसहरूलाई स्वास्थ्य खतरा भएको छ।,drainage,7.8,high,highway,1,1
"Bus-stop sign fallen into a drain in a commercial area, passengers are stepping into moving traffic.",road_damaged_sign,7.5,high,commercial,6,1
"Stop sign cracked with a loose edge on a residential road, vehicles are entering from conflicting directions.",road_damaged_sign,8.5,high,residential,6,1
Garbage is piling up near the footpath and making it difficult to pass. The smell is noticeable around the area.,garbage,5.5,medium,market,2,3
"Discarded food packaging is covering part of the pavement near the shopping area, near the hospital entrance.",trash,8.5,high,hospital,7,1
The pothole is making it uncomfortable for people riding motorcycles. The damaged spot is limited to one small area.,pothole,2.0,low,residential,5,2
"सरकारी सम्पत्ति सार्वजनिक स्थान मा बिग्रेको छ, कसैले केही गरेन। छिटो सफा गर्नुपर्यो।",vandalism,4.9,low,public,8,2
A deep hole has formed in the public walkway and is difficult to notice during low-light conditions along the student walkway.,infrastructure,7.0,high,school,4,1
घरघरबाट आएको फोहोर विद्यालय को ढलसम्म पुगेको छ। मानिसहरूलाई धेरै समस्या भएको छ।,domestic_trash,7.7,critical,school,0,0
"Highway drain overflowing near a school, children are walking through dirty water.",drainage,7.5,high,school,1,1
"Pickup vehicles parked fully on the footpath in Nepalgunj since yesterday, pedestrians are forced onto the road.",illegal_parking,7.5,high,residential,3,1
ट्रक र बसहरू राजमार्ग को बाटो छेकेर पार्किङ गरेका छन्। ट्राफिक प्रहरीले हेर्नुपर्यो।,illegal_parking,7.6,high,highway,3,1
People are throwing waste in the open area and the pile is getting bigger. The bin is too full to hold more waste.,garbage,2.5,low,residential,2,2
"A damaged retaining wall is showing visible cracks and appears unstable beside the access road, near the main road junction.",infrastructure,5.5,medium,highway,4,3
"Main sewer line overflowing near a school after recent rain, children are walking through dirty water.",drainage,8.0,high,school,1,1
"Bridge-load sign covered by posters on a residential road, drivers are stopping to check the restriction.",road_damaged_sign,4.5,medium,residential,6,3
Trash bags scattered on the street near homes.,domestic_trash,6.5,medium,residential,0,3
"Community drain blocked with plastic waste after recent rain, rainwater is flooding the road.",drainage,7.5,high,residential,1,1
Garbage is piling up near the footpath and making it difficult to pass. Only a small amount of waste is there.,garbage,2.0,low,residential,2,2
There is a broken section of road near the walking path. It is on a road used by many people.,pothole,5.5,medium,hospital,5,3
Mixed litter has collected around a public waste container and is attracting insects and stray animals beside the highway access route.,trash,6.0,medium,highway,7,3
एम्बुलेन्स र आकस्मिक गाडी राजमार्ग बाट जान नसक्ने भएको छ। छिटो कारबाही गर्नुपर्यो।,illegal_parking,8.4,high,highway,3,1
घरायसी फोहोर ओभरफ्लो भएर अस्पताल को फुटपाथसम्म पुगेको छ। छिटो फोहोर उठाइदिनुपर्यो।,domestic_trash,9.3,critical,hospital,0,0
"Public wall left with official lettering blacked out near a school, the markings are small but visible.",vandalism,3.0,low,school,8,2
"The roadside drain has collapsed and left a deep open gap beside the pedestrian route, along the hospital access road.",infrastructure,5.0,medium,hospital,4,3
There is food waste on the street and stray dogs are spreading it. Rain is washing some of the waste onto the road.,garbage,3.5,low,residential,2,2
The road has a large uneven section caused by a pothole. The hole is making the road uncomfortable to use.,pothole,5.0,medium,school,5,3
"Tourist vans blocking a public bus stop after recent rain, buses are stopping in the traffic lane.",illegal_parking,7.0,high,commercial,3,1
"Minibuses blocking a public bus stop since yesterday, buses are stopping in the traffic lane.",illegal_parking,7.0,high,commercial,3,1
There is a bad smell coming from the garbage near the street. The waste is visible from the nearby road.,garbage,3.5,low,hospital,2,2
"Landslide warning sign covered by posters near a market, drivers are approaching the hazard too quickly.",road_damaged_sign,8.0,high,market,6,1
"A manhole cover is loose and uneven, creating a dangerous hazard for pedestrians and cyclists, along the industrial access road.",infrastructure,6.5,medium,industrial,4,3
Several holes are visible on the road surface. Buses are slowing down near the damaged section.,pothole,5.0,medium,market,5,3
The garbage container is overflowing and waste is on the road. The waste is spreading after people pass by.,garbage,5.0,medium,hospital,2,3
Wet household rubbish is leaking onto the pavement and creating an unhygienic area near homes near the community area.,domestic_trash,3.0,low,public,0,2
"Garbage bags containing food waste have been left open, attracting dogs and spreading rubbish across the street beside the public access route.",domestic_trash,3.5,low,public,0,2
The road has started breaking around the pothole. It is on a road used by many people.,pothole,5.5,medium,residential,5,3
"No-entry sign cracked with a loose edge near a hospital, drivers are taking wrong turns and causing traffic.",road_damaged_sign,7.0,high,hospital,6,1
"A streetlight pole has been damaged and is leaning toward the pedestrian walkway, near nearby homes.",infrastructure,6.0,medium,residential,4,3
"Wind has scattered plastic waste and paper across the area around an overflowing public bin, along the highway shoulder.",trash,5.5,medium,highway,7,3
The pothole is filled with rainwater and its depth is hard to see. The damaged section is affecting normal traffic.,pothole,6.5,high,residential,5,1
A section of the footpath has sunk below the surrounding surface and is difficult to walk across safely near the main road junction.,infrastructure,8.0,high,highway,4,1
Household waste has been left outside for several days. The waste is visible from the nearby road.,garbage,8.0,high,residential,2,1
The waste collection has not come for a few days. The waste is spreading around the nearby area.,garbage,5.0,medium,school,2,3
"Cross-road drain collapsed beside the road after recent rain, pedestrians could fall into the opening.",drainage,8.0,high,public,1,1
"Stop sign blocked by a vendor board on a residential road, vehicles are entering from conflicting directions.",road_damaged_sign,9.5,critical,residential,6,0
"Minibuses parked across a school gate, children are entering through traffic.",illegal_parking,7.5,high,school,3,1
"Road divider covered with spray-painted tags on a highway, the damage may worsen without repair.",vandalism,4.5,medium,highway,8,3
"One-way sign knocked down near a school, vehicles are entering from conflicting directions.",road_damaged_sign,9.5,critical,school,6,0
"Domestic waste has been dumped beside the residential lane instead of being placed at the collection point, beside the factory service route.",domestic_trash,5.5,medium,industrial,0,3
"Industrial drain covered by construction debris, water cannot reach the outlet.",drainage,5.5,medium,industrial,1,3
"Taxis parked across a school gate after recent rain, children are entering through traffic.",illegal_parking,7.5,high,school,3,1
"Parking restriction sign faded and unreadable near a hospital, parked vehicles are narrowing the road.",road_damaged_sign,6.5,high,hospital,6,1
"Temple wall left with broken tiles on a highway, special cleaning is required.",vandalism,7.0,high,highway,8,1
Trash bags scattered on the street at the road junction.,domestic_trash,4.5,medium,highway,0,3
"Cross-road drain covered by construction debris, water cannot reach the outlet.",drainage,6.5,high,industrial,1,1
A waste collection point is overflowing and loose rubbish is spreading into the nearby road near nearby homes.,trash,7.0,high,residential,7,1
"Residential drain partly blocked by leaves, water drains slowly during rain.",drainage,5.0,medium,public,1,3
There is a bad smell coming from the garbage near the street. The smell is noticeable around the area.,garbage,5.0,medium,school,2,3
"Park signboard marked with offensive words near a school, visitors are using the wrong entrance.",vandalism,6.0,medium,school,8,3
"Uncollected kitchen waste is piling up outside several homes and creating a strong unpleasant smell, along the public walkway.",domestic_trash,9.5,high,public,0,1
There is rubbish around the road and it needs cleaning. Flies are gathering around the waste.,garbage,5.0,medium,school,2,3
A pothole is making vehicles move to the other side of the road. Drivers have to brake suddenly when they notice it.,pothole,6.5,high,hospital,5,1
"Plastic wrappers, cans, and food containers are scattered along the public walkway along the public walkway.",trash,6.0,medium,public,7,3
"Footbridge railing covered with political slogans on a residential road, the public facility is unsafe to use.",vandalism,6.5,high,residential,8,1
"Domestic waste has been dumped beside the residential lane instead of being placed at the collection point, along the student walkway.",domestic_trash,4.0,medium,school,0,3
"Community hall badly scratched in a commercial area, the markings are small but visible.",vandalism,2.5,low,commercial,8,2
"Public gutter partly blocked by leaves, water drains slowly during rain.",drainage,4.5,medium,public,1,3
"Ward-office gate covered with spray-painted tags near a hospital, emergency contact details are blocked.",vandalism,7.0,high,hospital,8,1
The road has started breaking around the pothole. It becomes harder to see when it rains.,pothole,9.0,critical,market,5,0
Dherai din dekhi fohor uthako chaina. Please collect it soon.,garbage,8.0,high,market,2,1
"Minibuses parked on both sides of a narrow road after recent rain, emergency vehicles cannot pass.",illegal_parking,9.5,critical,hospital,3,0
"Road divider covered with pasted flyers on a highway, the public facility is unsafe to use.",vandalism,6.5,high,highway,8,1
"Pedestrian-crossing sign hanging from one bolt near an industrial road, pedestrians cannot find the crossing point.",road_damaged_sign,7.5,high,industrial,6,1
"Graffiti covering the entire front wall of the school, inappropriate messages, children seeing it every day",vandalism,6.0,medium,school,8,3
"Health-post wall damaged with permanent marker near an industrial road, patients cannot read the service details.",vandalism,6.5,high,industrial,8,1
The road has a large uneven section caused by a pothole. The edge of the road is also starting to break.,pothole,7.0,high,school,5,1
"Residential drain blocked with plastic waste, rainwater is flooding the road.",drainage,8.0,high,residential,1,1
"Taxis parked on both sides of a narrow road since yesterday, emergency vehicles cannot pass.",illegal_parking,9.5,critical,hospital,3,0
"Rubbish has been dumped near the hospital access road and is obstructing part of the walkway, along the commercial street.",trash,8.5,high,commercial,7,1
"Government vehicles blocking a residential driveway, residents cannot move their vehicles.",illegal_parking,5.0,medium,residential,3,3
"Temple wall covered with spray-painted tags on a highway, the culturally important surface is damaged.",vandalism,8.5,high,highway,8,1
"Pedestrian-crossing sign knocked down near an industrial road, children are crossing without warning.",road_damaged_sign,8.0,high,industrial,6,1
"Several households have placed overflowing rubbish bags along the roadside, narrowing the pedestrian path, near the community area.",domestic_trash,5.0,medium,public,0,3
"Stop sign missing from its pole on a residential road, vehicles are entering from conflicting directions.",road_damaged_sign,9.0,critical,residential,6,0
Public waste has accumulated beside the entrance and is creating an unpleasant smell for visitors near the warehouse area.,trash,9.0,high,industrial,7,1
"Speed-limit sign cracked with a loose edge in a commercial area, drivers cannot confirm the speed restriction.",road_damaged_sign,6.0,medium,commercial,6,3
"Delivery vans parked along a highway shoulder since yesterday, fast traffic is swerving around them.",illegal_parking,7.5,high,highway,3,1
"A broken curb has created a large gap that forces pedestrians to step closer to moving traffic, beside the highway access route.",infrastructure,9.0,high,highway,4,1
"Roadside drain damaged near a commercial area since yesterday, wastewater is spreading on the footpath.",drainage,7.5,high,commercial,1,1
The road has a large uneven section caused by a pothole. People are asking for the road to be repaired.,pothole,8.0,high,school,5,1
Broken barrier blocking part of the road at the highway.,infrastructure,7.5,high,highway,4,1
Waste is collecting near the drain and blocking the water flow. People are avoiding that part of the street.,garbage,2.0,low,hospital,2,2
"A large crack has developed across the concrete pavement, creating a serious trip hazard for pedestrians, along the public walkway.",infrastructure,6.5,medium,public,4,3
"Food waste dumped beside the road, on the public walkway.",domestic_trash,3.5,low,public,0,2
Food containers scattered near the shops at the industrial road.,trash,4.0,medium,industrial,7,3
विद्यालय को भित्तामा स्प्रे पेन्टले बिगारिएको छ। छिटो सफा गर्नुपर्यो।,vandalism,8.7,critical,school,8,0
"Rental cars blocking a public bus stop after recent rain, buses are stopping in the traffic lane.",illegal_parking,7.5,high,commercial,3,1
"Residential drain overflowing with sewage since yesterday, residents face a serious health risk.",drainage,9.5,critical,residential,1,0
"Waste enclosure covered with spray-painted tags near a market, the markings are small but visible.",vandalism,3.0,low,market,8,2
"Health-post wall defaced with large drawings near an industrial road, patients cannot read the service details.",vandalism,5.5,medium,industrial,8,3
"Hospital access drain breeding mosquitoes, the area has an increased disease risk.",drainage,7.5,high,residential,1,1
People are throwing waste in the open area and the pile is getting bigger. The waste is making the area unpleasant.,garbage,5.0,medium,market,2,3
"Private cars parked at a busy junction since yesterday, drivers cannot see approaching vehicles.",illegal_parking,8.0,high,market,3,1
"Public toilet badly scratched in a public area, the same place was damaged repeatedly.",vandalism,5.5,medium,public,8,3
"Public notice board left with its notice torn down in a commercial area, emergency contact details are blocked.",vandalism,7.0,high,commercial,8,1
A broken curb has created a large gap that forces pedestrians to step closer to moving traffic beside the hospital walkway.,infrastructure,5.5,medium,hospital,4,3
There is a pothole on the road and vehicles have to slow down. It becomes harder to see when it rains.,pothole,3.5,low,residential,5,2
People are throwing waste in the open area and the pile is getting bigger. The waste is mixed with unsafe material and people are coming close to it.,garbage,9.0,critical,school,2,0
A damaged retaining wall is showing visible cracks and appears unstable beside the access road along the highway shoulder.,infrastructure,7.0,high,highway,4,1
"Culvert collapsed beside the road since yesterday, pedestrians could fall into the opening.",drainage,8.5,high,public,1,1
"Pedestrian-crossing sign bent away from traffic near an industrial road, vehicles are braking when people enter the road.",road_damaged_sign,8.0,high,industrial,6,1
"Household rubbish blocking the pavement, on the market street.",domestic_trash,6.0,medium,commercial,0,3
"Narrow-bridge sign fallen into a drain in Pokhara, night drivers cannot see the hazard.",road_damaged_sign,8.5,high,market,6,1
"Wind has scattered plastic waste and paper across the area around an overflowing public bin, beside the school boundary.",trash,8.5,high,school,7,1
"Covered drain blocked with plastic waste, rainwater is flooding the road.",drainage,8.5,high,residential,1,1
"Storm-water drain covered by construction debris after recent rain, water cannot reach the outlet.",drainage,6.5,high,industrial,1,1
There is food waste on the street and stray dogs are spreading it. The area can be cleaned during the normal collection.,garbage,2.0,low,school,2,2
"School buses parked across a school gate after recent rain, children are entering through traffic.",illegal_parking,8.0,high,school,3,1
"Taxis blocking a residential driveway since yesterday, residents cannot move their vehicles.",illegal_parking,5.0,medium,residential,3,3
"Hospital direction sign hidden by branches near a school, ambulances are missing the correct access road.",road_damaged_sign,9.0,critical,school,6,0
"Motorcycles parked fully on the footpath since yesterday, pedestrians are forced onto the road.",illegal_parking,7.5,high,residential,3,1
"Industrial drain overflowing with sewage after recent rain, residents face a serious health risk.",drainage,9.0,critical,residential,1,0
वर्षापछि औद्योगिक क्षेत्र को नाला भरि पानी भरिएर बाटोमा फैलिएको छ। सरकारले चाँडै हेर्नुपर्यो।,drainage,6.4,medium,industrial,1,3
"Rubbish piled up beside the walkway, on the residential lane.",trash,5.5,medium,residential,7,3
"पानी जम्मा भएर औद्योगिक क्षेत्र को बाटो डुब्न थाल्यो, गाडीहरू अड्किएका छन्। छिटो मर्मत गर्नुपर्यो।",drainage,5.4,medium,industrial,1,3
"Food waste dumped beside the road, beside the school.",domestic_trash,9.5,high,school,0,1
"Community drain damaged near a commercial area since yesterday, wastewater is spreading on the footpath.",drainage,7.5,high,commercial,1,1
Garbage is collecting near houses and the smell is getting worse. People are having to walk around the garbage.,garbage,5.5,medium,hospital,2,3
There are potholes on the street and motorcycles are struggling to pass. It is causing vehicles to shake while crossing.,pothole,8.5,high,residential,5,1
"Taxis parked on both sides of a narrow road after recent rain, emergency vehicles cannot pass.",illegal_parking,9.5,critical,hospital,3,0
There is a pothole where water collects after rain. Vehicles are having to make sudden turns to avoid it.,pothole,9.5,critical,school,5,0
Loose manhole cover creating a hazard near the school.,infrastructure,5.5,medium,school,4,3
"Industrial drain filled with mud after rain since yesterday, water is entering nearby shops.",drainage,8.0,high,market,1,1
"Junction sign knocked down in Ghorahi, traffic slows while drivers confirm the route.",road_damaged_sign,4.5,medium,industrial,6,3
एम्बुलेन्स र आकस्मिक गाडी आवासीय क्षेत्र बाट जान नसक्ने भएको छ। ट्राफिक प्रहरीले हेर्नुपर्यो।,illegal_parking,5.2,high,residential,3,1
"Public notice board covered with political slogans in a commercial area, visitors are using the wrong entrance.",vandalism,6.5,high,commercial,8,1
The pothole is making it uncomfortable for people riding motorcycles. The hole is causing dangerous movement for vehicles and pedestrians.,pothole,9.5,critical,hospital,5,0
"Public wall marked with offensive words near a school, residents have requested cleaning.",vandalism,4.0,low,school,8,2
"Bus shelter marked with offensive words near a market, residents have requested cleaning.",vandalism,3.5,low,market,8,2
Collapsed drain leaving an open gap on the public road.,infrastructure,3.5,low,public,4,2
"Hospital direction sign hidden by branches near a school, patients are taking wrong turns.",road_damaged_sign,7.0,high,school,6,1
ट्रक र बसहरू बजार को बाटो छेकेर पार्किङ गरेका छन्। छिटो कारबाही गर्नुपर्यो।,illegal_parking,7.3,high,market,3,1
"Public water tap badly scratched in a public area, sharp parts are exposed beside pedestrians.",vandalism,8.5,high,public,8,1
"Several bags of household rubbish are blocking part of the footpath outside a row of homes, beside the school boundary.",domestic_trash,8.0,high,school,0,1
"A waste collection point is overflowing and loose rubbish is spreading into the nearby road, near the warehouse area.",trash,8.5,high,industrial,7,1
Garbage bags are broken and the waste is spread across the sidewalk. The waste is making the area unpleasant.,garbage,9.5,critical,school,2,0
"Narrow-bridge sign faded and unreadable near a market, drivers are approaching the hazard too quickly.",road_damaged_sign,7.0,high,market,6,1
Food containers scattered near the shops near the community area.,trash,6.0,medium,public,7,3
"Food containers scattered near the shops, on the highway shoulder.",trash,5.0,medium,highway,7,3
There is a hole on the street that drivers are trying to avoid. It is difficult to see at night.,pothole,9.0,critical,market,5,0
"Speed-limit sign blocked by a vendor board in a commercial area, motorcycles are braking near the barriers.",road_damaged_sign,7.5,high,commercial,6,1
Several types of litter have accumulated near the market entrance and are creating a sanitation concern.,trash,7.5,high,commercial,7,1
बाटोको किनारा धेरै ठाउँबाट खस्केर सार्वजनिक स्थान मा खतरा भएको छ। छिटो मर्मत गर्नुपर्यो।,infrastructure,3.7,low,public,4,2
A pothole is getting larger after rain. The edge of the road is also starting to break.,pothole,6.5,high,hospital,5,1
"Pothole getting bigger every day, entire road section collapsing, traffic diverted",pothole,9.0,critical,residential,5,0
"Deep potholes damaging the road surface, on the market street.",infrastructure,7.5,high,commercial,4,1
"Public toilet left with broken tiles in a public area, the same place was damaged repeatedly.",vandalism,6.0,medium,public,8,3
"Footbridge railing marked with offensive words on a residential road, the public facility is unsafe to use.",vandalism,6.5,high,residential,8,1
The road needs repair because of a pothole. It is difficult to see at night.,pothole,2.5,low,school,5,2
A pothole is causing buses and cars to slow down. It has been there for a few days.,pothole,7.0,high,hospital,5,1
"No-entry sign painted over near a hospital, drivers are taking wrong turns and causing traffic.",road_damaged_sign,7.0,high,hospital,6,1
"Garbage bags containing food waste have been left open, attracting dogs and spreading rubbish across the street near the community area.",domestic_trash,6.5,medium,public,0,3
"Highway drain covered by construction debris since yesterday, water cannot reach the outlet.",drainage,6.0,medium,industrial,1,3
The public bin is full and people are putting bags beside it. The waste is creating a serious problem for people using the area.,garbage,8.5,high,hospital,2,1
The highway shoulder is badly damaged and contains loose concrete pieces that could affect traffic near the school entrance.,infrastructure,8.5,high,school,4,1
Loose litter is spreading around an overflowing bin and making the public area difficult to keep clean along the industrial access road.,trash,2.5,low,industrial,7,2
"Covered drain blocked on the highway since yesterday, waterlogging is slowing heavy traffic.",drainage,7.5,high,highway,1,1
The pothole is making it uncomfortable for people riding motorcycles. It is causing vehicles to shake while crossing.,pothole,5.0,medium,market,5,3
"Public water tap covered with spray-painted tags in a public area, the damage may worsen without repair.",vandalism,4.0,low,public,8,2
"Park signboard left with broken tiles near a school, part of the public notice cannot be read.",vandalism,6.5,high,school,8,1
"A waste collection point is overflowing and loose rubbish is spreading into the nearby road, near the hospital entrance.",trash,4.5,medium,hospital,7,3
The road needs repair because of a pothole. The road surface around it is also damaged.,pothole,7.5,high,residential,5,1
"Plastic bottles scattered near the road, near homes.",trash,4.5,medium,residential,7,3
"Industrial drain filled with mud after rain after recent rain, water is entering nearby shops.",drainage,8.0,high,market,1,1
Mixed litter blocking the footpath near the community area.,trash,7.5,high,public,7,1
Mixed rubbish has accumulated around the waste collection point near the busy commercial area along the commercial street.,trash,3.0,low,commercial,7,2
A pothole is getting larger after rain. The road surface around the hole is also breaking.,pothole,7.0,high,hospital,5,1
"Hospital access drain filled with mud after rain after recent rain, water is entering nearby shops.",drainage,8.0,high,market,1,1
"Public waste has accumulated beside the entrance and is creating an unpleasant smell for visitors, along the highway shoulder.",trash,7.5,high,highway,7,1
"Narrow-bridge sign knocked down in Pokhara, night drivers cannot see the hazard.",road_damaged_sign,8.0,high,market,6,1
"School buses parked on both sides of a narrow road, emergency vehicles cannot pass.",illegal_parking,8.5,high,hospital,3,1
"Speed-limit sign covered by posters in a commercial area, drivers cannot confirm the speed restriction.",road_damaged_sign,6.5,high,commercial,6,1
There is a hole near the edge of the road where motorcycles pass. The problem is becoming more noticeable each day.,pothole,6.5,high,school,5,1
Household waste has been left beside the road for several days and is attracting insects and stray animals beside nearby shops.,domestic_trash,3.0,low,commercial,0,2
"Waste enclosure left with its notice torn down near a market, the same place was damaged repeatedly.",vandalism,6.0,medium,market,8,3
Discarded bottles and takeaway containers are blocking part of the pedestrian path.,trash,3.0,low,commercial,7,2
A pothole is causing buses and cars to slow down. Vehicles are swerving to avoid the hole.,pothole,8.0,high,market,5,1
"Parking restriction sign hidden by branches near a hospital, parked vehicles are narrowing the road.",road_damaged_sign,7.0,high,hospital,6,1
Pani parepachi khadal ajhai thulo bhako cha. Repair garnu paryo.,pothole,5.5,medium,market,5,3
"Construction vehicles blocking a residential driveway in Bhaktapur since yesterday, residents cannot move their vehicles.",illegal_parking,4.5,medium,residential,3,3
"Park signboard damaged with permanent marker near a school, visitors are using the wrong entrance.",vandalism,6.5,high,school,8,1
"Health-post wall defaced with large drawings near an industrial road, emergency information is partly blocked.",vandalism,7.0,high,industrial,8,1
"Public gutter blocked with plastic waste after recent rain, rainwater is flooding the road.",drainage,7.5,high,residential,1,1
There is a pile of household waste beside the road. Some bags have been torn open.,garbage,8.0,high,hospital,2,1
सार्वजनिक स्थान को भित्तामा स्प्रे पेन्टले बिगारिएको छ। छिटो सफा गर्नुपर्यो।,vandalism,5.2,low,public,8,2
"Speed-limit sign bent away from traffic in a commercial area, vehicles are entering the work area too fast.",road_damaged_sign,8.0,high,commercial,6,1
"Stop sign bent away from traffic on a residential road, traffic slows while drivers confirm the route.",road_damaged_sign,4.5,medium,residential,6,3
Waste is collecting near the drain and blocking the water flow. The bin is too full to hold more waste.,garbage,8.5,high,market,2,1
"Construction vehicles parked fully on the footpath, pedestrians are forced onto the road.",illegal_parking,7.5,high,residential,3,1
"Buses left beside a no-parking sign since yesterday, traffic is moving slowly.",illegal_parking,6.0,medium,commercial,3,3
"Household waste left outside homes, near the hospital.",domestic_trash,6.0,medium,hospital,0,3
"Hospital access drain blocked with plastic waste after recent rain, rainwater is flooding the road.",drainage,8.5,high,residential,1,1
"A deep hole has formed in the public walkway and is difficult to notice during low-light conditions, beside the highway access route.",infrastructure,9.0,high,highway,4,1
"Bus shelter covered with illegal advertising near a market, residents have requested cleaning.",vandalism,3.5,low,market,8,2
Khadal ma pani bhareko le kati deep cha thaha hudaina. Repair garnu paryo.,pothole,9.5,critical,residential,5,0
Mixed rubbish has accumulated around the waste collection point near the busy commercial area along the hospital access road.,trash,3.5,low,hospital,7,2
Deep potholes damaging the road surface in the business area.,infrastructure,6.0,medium,commercial,4,3
"Residential drain covered by construction debris since yesterday, water cannot reach the outlet.",drainage,6.5,high,industrial,1,1
A hole has formed in the road and it is difficult for vehicles to pass. People walking nearby have to be careful.,pothole,7.5,high,hospital,5,1
"No-entry sign turned toward the wrong road in Lalitpur, vehicles are entering from conflicting directions.",road_damaged_sign,9.0,critical,hospital,6,0
"Microbuses parked across a school gate in Dhangadhi since yesterday, children are entering through traffic.",illegal_parking,8.0,high,school,3,1
Public bin overflowing onto the pavement on the public road.,trash,5.0,medium,public,7,3
Waste is collecting near the drain and blocking the water flow. It is mostly a small amount of dry waste.,garbage,2.5,low,residential,2,2
प्लास्टिक र कागजको फोहोर बतासले उडेर बजार तिर फैलिएको छ। यस्तो फोहोर सफा गर्नुपर्यो।,trash,8.1,high,market,7,1
"Residential drain damaged near a commercial area since yesterday, wastewater is spreading on the footpath.",drainage,6.5,high,commercial,1,1
"Footbridge railing defaced with large drawings on a residential road, sharp parts are exposed beside pedestrians.",vandalism,8.5,high,residential,8,1
There are potholes on the street and motorcycles are struggling to pass. Water collects inside the hole after rain.,pothole,5.5,medium,market,5,3
"Public notice board left with broken tiles in a commercial area, visitors are using the wrong entrance.",vandalism,6.0,medium,commercial,8,3
"Community hall damaged with permanent marker in a commercial area, the markings are small but visible.",vandalism,2.5,low,commercial,8,2
दिशा सूचक बोर्ड व्यापारिक क्षेत्र बाट हराएर चालकहरू भ्रमित भइरहेका छन्। छिटो मर्मत गर्नुपर्यो।,road_damaged_sign,7.0,medium,commercial,6,3
"Footbridge railing marked with offensive words on a residential road, sharp parts are exposed beside pedestrians.",vandalism,8.0,high,residential,8,1
"Pedestrian-crossing sign knocked down near an industrial road, vehicles are braking when people enter the road.",road_damaged_sign,7.0,high,industrial,6,1
"Market drain collapsed beside the road, pedestrians could fall into the opening.",drainage,9.0,critical,public,1,0
"Heritage rest house damaged with permanent marker near a hospital, the culturally important surface is damaged.",vandalism,8.0,high,hospital,8,1
"No-entry sign hanging from one bolt near a hospital, vehicles are entering from conflicting directions.",road_damaged_sign,9.0,critical,hospital,6,0
"Bus-stop sign cracked with a loose edge in a commercial area, passengers are stepping into moving traffic.",road_damaged_sign,7.0,high,commercial,6,1
"Residential drain overflowing near a school since yesterday, children are walking through dirty water.",drainage,8.0,high,school,1,1
फोहोरको बोरा च्यातिएर औद्योगिक क्षेत्र को बाटोभरि छरिएको छ। यस्तो फोहोर सफा गर्नुपर्यो।,trash,5.0,medium,industrial,7,3
The public bin is full and people are putting bags beside it. The smell is starting to bother people nearby.,garbage,5.0,medium,residential,2,3
A pothole has appeared after the recent rain. The problem is becoming more noticeable each day.,pothole,9.0,critical,hospital,5,0
"Construction vehicles left over a zebra crossing after recent rain, pedestrians are walking into traffic.",illegal_parking,8.0,high,public,3,1
"Bridge-load sign blocked by a vendor board on a residential road, heavy vehicles may enter an unsafe bridge.",road_damaged_sign,9.5,critical,residential,6,0
"Loose manhole cover creating a hazard, near the school.",infrastructure,3.0,low,school,4,2
"Public toilet badly scratched in a public area, the markings are small but visible.",vandalism,2.5,low,public,8,2
"Delivery vans left near an industrial gate, large vehicles have little turning space.",illegal_parking,7.0,high,industrial,3,1
"Loose paving blocks near the entrance, beside the school.",infrastructure,5.0,medium,school,4,3
"Tourist vans left over a zebra crossing, pedestrians are walking into traffic.",illegal_parking,8.5,high,public,3,1
Yo khadal le bike chalauna garo bhako cha. Repair garnu paryo.,pothole,7.5,high,school,5,1
"Buses parked at a busy junction after recent rain, drivers cannot see approaching vehicles.",illegal_parking,9.0,critical,market,3,0
"Public water tap covered with political slogans in a public area, sharp parts are exposed beside pedestrians.",vandalism,8.5,high,public,8,1
Mixed rubbish has accumulated around the waste collection point near the busy commercial area near the warehouse area.,trash,8.0,high,industrial,7,1
पुलको संरचना कमजोर भएर बजार बाट हिँड्न खतरा भएको छ। छिटो मर्मत गर्नुपर्यो।,infrastructure,7.5,high,market,4,1
People are throwing waste in the open area and the pile is getting bigger. Dogs are opening the bags and spreading the waste.,garbage,5.5,medium,market,2,3
"Minibuses left beside a no-parking sign, traffic is moving slowly.",illegal_parking,5.0,medium,commercial,3,3
"Temple wall covered with illegal advertising on a highway, special cleaning is required.",vandalism,6.0,medium,highway,8,3
"A section of concrete near the hospital entrance has broken apart and is obstructing pedestrian access, near the shopping area.",infrastructure,6.0,medium,commercial,4,3
"Community drain covered by construction debris after recent rain, water cannot reach the outlet.",drainage,6.0,medium,industrial,1,3
"Pickup vehicles parked on both sides of a narrow road, emergency vehicles cannot pass.",illegal_parking,9.0,critical,hospital,3,0
"School-zone sign turned toward the wrong road on a highway, vehicles are braking when people enter the road.",road_damaged_sign,7.0,high,highway,6,1
"Household rubbish blocking the pavement, near the community area.",domestic_trash,8.5,high,public,0,1
Uncollected kitchen waste is piling up outside several homes and creating a strong unpleasant smell beside the hospital walkway.,domestic_trash,6.0,medium,hospital,0,3
Garbage bags are broken and the waste is spread across the sidewalk. There is no blockage around the waste.,garbage,3.5,low,school,2,2
म्यानहोलको ढक्कन फुटेर सार्वजनिक स्थान को बाटोमा ठूलो खाल्डो भएको छ। सरकारले चाँडै हेर्नुपर्यो।,infrastructure,3.9,low,public,4,2
"Government vehicles parked along a highway shoulder in Birgunj since yesterday, fast traffic is swerving around them.",illegal_parking,8.5,high,highway,3,1
Food waste dumped beside the road at at the hospital entrance.,domestic_trash,5.0,medium,hospital,0,3
"Public bin overflowing onto the pavement, on the residential lane.",trash,8.0,high,residential,7,1
"Trucks parked at a busy junction after recent rain, drivers cannot see approaching vehicles.",illegal_parking,8.5,high,market,3,1
A pothole is getting larger after rain. Cars are moving around it to avoid the hole.,pothole,5.0,medium,hospital,5,3
"The highway shoulder is badly damaged and contains loose concrete pieces that could affect traffic, along the commercial street.",infrastructure,5.5,medium,commercial,4,3
"Microbuses left beside a no-parking sign after recent rain, traffic is moving slowly.",illegal_parking,5.5,medium,commercial,3,3
"Park signboard covered with pasted flyers near a school, emergency contact details are blocked.",vandalism,7.5,high,school,8,1
"Road divider scraped across the surface on a highway, the public facility is unsafe to use.",vandalism,6.5,high,highway,8,1
"Culvert overflowing with sewage after recent rain, residents face a serious health risk.",drainage,9.0,critical,residential,1,0
"Garbage dumped illegally on the empty plot, becoming a mountain of waste, attracting stray animals",garbage,7.5,high,residential,2,1
"Motorcycles parked at a busy junction in Itahari, drivers cannot see approaching vehicles.",illegal_parking,9.0,critical,market,3,0
Wet household rubbish is leaking onto the pavement and creating an unhygienic area near homes along the hospital access road.,domestic_trash,9.5,high,hospital,0,1
"Hospital access drain filled with mud after rain, water is entering nearby shops.",drainage,8.0,high,market,1,1
"Pedestrian-crossing sign missing from its pole near an industrial road, children are crossing without warning.",road_damaged_sign,8.5,high,industrial,6,1
Household garbage has accumulated near the entrance of several houses and is becoming difficult to manage beside the school boundary.,domestic_trash,5.0,medium,school,0,3
"Storm-water drain blocked on the highway, waterlogging is slowing heavy traffic.",drainage,8.5,high,highway,1,1
A pothole is making the road difficult to use at night. Cars are moving around it to avoid the hole.,pothole,6.5,high,school,5,1
Collapsed drain leaving an open gap at the industrial road.,infrastructure,4.0,medium,industrial,4,3
Garbage is piling up near the footpath and making it difficult to pass. It is mostly a small amount of dry waste.,garbage,2.5,low,residential,2,2
Public rubbish has been left beside the community walkway and is affecting normal pedestrian access beside the school boundary.,trash,6.0,medium,school,7,3
"Pedestrian underpass defaced with large drawings on a residential road, the markings are small but visible.",vandalism,2.5,low,residential,8,2
"Delivery vans left near an industrial gate since yesterday, large vehicles have little turning space.",illegal_parking,7.0,high,industrial,3,1
"A section of concrete near the hospital entrance has broken apart and is obstructing pedestrian access, outside several houses.",infrastructure,2.5,low,residential,4,2
"Buses parked on both sides of a narrow road after recent rain, emergency vehicles cannot pass.",illegal_parking,9.0,critical,hospital,3,0
Deep potholes damaging the road surface at at the hospital entrance.,infrastructure,3.5,low,hospital,4,2
There is a pothole on the road and vehicles have to slow down. Vehicles are having to make sudden turns to avoid it.,pothole,9.5,critical,hospital,5,0
"Pedestrian-crossing sign painted over near an industrial road, children are crossing without warning.",road_damaged_sign,8.0,high,industrial,6,1
Loose paving blocks near the entrance at the community area.,infrastructure,7.0,high,public,4,1
"Market drain blocked with plastic waste, rainwater is flooding the road.",drainage,7.5,high,residential,1,1
Food containers scattered near the shops near the road junction.,trash,2.5,low,highway,7,2
"सरकारी सम्पत्ति बजार मा बिग्रेको छ, कसैले केही गरेन। जिम्मेवार मानिस पत्ता लगाउनुपर्यो।",vandalism,6.7,high,market,8,1
"Several paving blocks are loose and uneven near the school entrance, making the walkway unsafe, outside several houses.",infrastructure,3.5,low,residential,4,2
"Household garbage has accumulated near the entrance of several houses and is becoming difficult to manage, outside several houses.",domestic_trash,6.0,medium,residential,0,3
"Parking restriction sign covered by posters near a hospital, drivers cannot identify the restricted section.",road_damaged_sign,5.5,medium,hospital,6,3
सडकको सतह भत्किएर बजार मा गाडी चलाउन गाह्रो भएको छ। सरकारले चाँडै हेर्नुपर्यो।,infrastructure,6.8,high,market,4,1
The garbage pickup has been irregular and waste is staying outside. The bin is too full to hold more waste.,garbage,6.5,high,market,2,1
There is rubbish around the road and it needs cleaning. There are food leftovers mixed with plastic.,garbage,2.5,low,hospital,2,2
"स्टप साइन राजमार्ग को चोकमा ढलेको छ, गाडीहरू रोकिँदैनन्। नयाँ साइन राख्नुपर्यो।",road_damaged_sign,8.4,high,highway,6,1
"Public water tap covered with illegal advertising in a public area, the damage may worsen without repair.",vandalism,4.5,medium,public,8,3
"Public toilet defaced with large drawings in a public area, residents have requested cleaning.",vandalism,4.0,low,public,8,2
"No-entry sign hidden by branches near a hospital, vehicles are entering from conflicting directions.",road_damaged_sign,8.5,high,hospital,6,1
"Stop sign completely knocked down at the busy intersection, vehicles not stopping, near accident every day",road_damaged_sign,8.5,high,residential,6,1
"Community hall covered with pasted flyers in a commercial area, residents have requested cleaning.",vandalism,3.5,low,commercial,8,2
"School buses parked at a busy junction after recent rain, drivers cannot see approaching vehicles.",illegal_parking,8.5,high,market,3,1
"Minibuses parked across a school gate in Lalitpur after recent rain, children are entering through traffic.",illegal_parking,7.5,high,school,3,1
"Open drain filled with mud after rain, water is entering nearby shops.",drainage,7.0,high,market,1,1
"School boundary wall covered with pasted flyers near an industrial road, damage is visible from the school gate.",vandalism,5.0,medium,industrial,8,3
"Animal-crossing sign bent away from traffic in Birgunj, visitors cannot identify the crossing area.",road_damaged_sign,5.0,medium,public,6,3
"Deep potholes damaging the road surface, on the industrial road.",infrastructure,4.5,medium,industrial,4,3
Garbage is piling up near the footpath and making it difficult to pass. The area becomes dirty after the waste is left outside.,garbage,9.0,critical,residential,2,0
ट्रक र बसहरू अस्पताल को बाटो छेकेर पार्किङ गरेका छन्। चाँडै कारबाही लिनुपर्यो।,illegal_parking,8.8,critical,hospital,3,0
"No-entry sign painted over near a hospital, vehicles are entering from conflicting directions.",road_damaged_sign,9.5,critical,hospital,6,0
Rubbish has been dumped near the hospital access road and is obstructing part of the walkway near the main road junction.,trash,3.0,low,highway,7,2
Discarded household waste is scattered around the neighborhood and creating a visible sanitation problem along the student walkway.,domestic_trash,3.5,low,school,0,2
"Private cars parked at a busy junction after recent rain, drivers cannot see approaching vehicles.",illegal_parking,8.0,high,market,3,1
Discarded food packaging is covering part of the pavement near the shopping area.,trash,3.0,low,hospital,7,2
Garbage is collecting near houses and the smell is getting worse. Children are passing through the area every day.,garbage,7.5,high,school,2,1
The road has a damaged patch with a noticeable hole. Water collects inside the hole after rain.,pothole,5.0,medium,market,5,3
There is waste scattered near the roadside and it needs to be collected. It is mostly a small amount of dry waste.,garbage,3.0,low,hospital,2,2
A deep hole has formed in the public walkway and is difficult to notice during low-light conditions along the neighborhood road.,infrastructure,8.5,high,residential,4,1
Food waste dumped beside the road at the highway shoulder.,domestic_trash,8.5,high,highway,0,1
"Tourist vans parked fully on the footpath since yesterday, pedestrians are forced onto the road.",illegal_parking,8.0,high,residential,3,1
The pothole is making it uncomfortable for people riding motorcycles. Vehicles are swerving to avoid the hole.,pothole,8.5,high,market,5,1
"Pickup vehicles parked along a highway shoulder since yesterday, fast traffic is swerving around them.",illegal_parking,8.0,high,highway,3,1
"Highway drain overflowing near a school after recent rain, children are walking through dirty water.",drainage,7.5,high,school,1,1
"Parking restriction sign faded and unreadable near a hospital, parked cars are blocking junction visibility.",road_damaged_sign,8.0,high,hospital,6,1
The road surface is broken and there is a pothole in the middle. People are asking for the road to be repaired.,pothole,7.0,high,residential,5,1
"School-zone sign blocked by a vendor board in Bharatpur, children are crossing without warning.",road_damaged_sign,8.0,high,highway,6,1
"Heritage rest house defaced with large drawings near a hospital, the culturally important surface is damaged.",vandalism,8.5,high,hospital,8,1
"Footbridge railing covered with illegal advertising on a residential road, the public facility is unsafe to use.",vandalism,6.5,high,residential,8,1
सार्वजनिक पर्खाल बजार मा तोडफोड भएको छ। छिटो सफा गर्नुपर्यो।,vandalism,7.8,high,market,8,1
Public bin overflowing onto the pavement at at the hospital entrance.,trash,9.5,high,hospital,7,1
The road has a large uneven section caused by a pothole. The problem is becoming more noticeable each day.,pothole,9.5,critical,school,5,0
Food waste is scattered around because dogs are tearing the bags. The waste is visible from the nearby road.,garbage,3.5,low,hospital,2,2
"Minibuses blocking a market loading area in Lalitpur, deliveries and shoppers are delayed.",illegal_parking,5.5,medium,market,3,3
"Temple wall damaged with permanent marker on a highway, special cleaning is required.",vandalism,6.5,high,highway,8,1
The road has a large uneven section caused by a pothole. The damaged section is affecting normal traffic.,pothole,6.5,high,hospital,5,1
"Broken barrier blocking part of the road, near the road junction.",infrastructure,8.0,high,highway,4,1
Garbage is piling up near the footpath and making it difficult to pass. The waste is spreading after people pass by.,garbage,9.5,critical,hospital,2,0
"Household waste left outside homes, near the school.",domestic_trash,5.5,medium,school,0,3
"School-side drain filled with mud after rain since yesterday, water is entering nearby shops.",drainage,7.5,high,market,1,1
"Narrow-bridge sign painted over near a market, night drivers cannot see the hazard.",road_damaged_sign,8.0,high,market,6,1
बिजुलीको पोल बाङ्गिएर व्यापारिक क्षेत्र को बाटोमा खतरा सिर्जना भएको छ। सरकारले चाँडै हेर्नुपर्यो।,infrastructure,6.2,medium,commercial,4,3
"Culvert giving off a strong smell, nearby residents cannot open windows.",drainage,5.5,medium,residential,1,3
"Public toilet covered with political slogans in a public area, the same place was damaged repeatedly.",vandalism,6.5,high,public,8,1
ढल अस्पताल मा अवरुद्ध भएर फोहोर पानी बाहिर बगिरहेको छ। सरकारले चाँडै हेर्नुपर्यो।,drainage,8.9,critical,hospital,1,0
"Microbuses blocking a market loading area since yesterday, deliveries and shoppers are delayed.",illegal_parking,6.0,medium,market,3,3
"Narrow-bridge sign covered by posters near a market, motorcycles are braking suddenly.",road_damaged_sign,8.0,high,market,6,1
बाटोको किनारा धेरै ठाउँबाट खस्केर राजमार्ग मा खतरा भएको छ। मर्मत सम्भार आवश्यक छ।,infrastructure,8.2,high,highway,4,1
"Buses parked at a busy junction in Bharatpur since yesterday, drivers cannot see approaching vehicles.",illegal_parking,9.0,critical,market,3,0
"Residential drain breeding mosquitoes, the area has an increased disease risk.",drainage,7.0,high,residential,1,1
A broken concrete barrier has fallen partly onto the road and is creating a traffic hazard beside nearby shops.,infrastructure,4.5,medium,commercial,4,3
"Culvert breeding mosquitoes since yesterday, the area has an increased disease risk.",drainage,7.5,high,residential,1,1
The waste area is attracting flies and has a strong smell. Some bags have been torn open.,garbage,5.0,medium,market,2,3
"Construction vehicles left near an industrial gate, large vehicles have little turning space.",illegal_parking,6.0,medium,industrial,3,3
"Public toilet left with broken tiles in a public area, the markings are small but visible.",vandalism,3.0,low,public,8,2
Plastic bottles scattered near the road beside the hospital.,trash,7.5,high,hospital,7,1
"Public water tap covered with illegal advertising in a public area, the public facility is unsafe to use.",vandalism,7.0,high,public,8,1
There is waste scattered near the roadside and it needs to be collected. People are avoiding that part of the street.,garbage,8.0,high,school,2,1
"Animal-crossing sign faded and unreadable in a public area, drivers are not warned about livestock.",road_damaged_sign,8.0,high,public,6,1
"Narrow-bridge sign cracked with a loose edge near a market, motorcycles are braking suddenly.",road_damaged_sign,7.5,high,market,6,1
म्यानहोलको ढक्कन फुटेर अस्पताल को बाटोमा ठूलो खाल्डो भएको छ। मानिसहरूलाई धेरै खतरा भएको छ।,infrastructure,8.5,critical,hospital,4,0
"An overflowing public bin has caused plastic bottles and food containers to spill onto the pavement, along the commercial street.",trash,7.5,high,commercial,7,1
"Microbuses parked along a highway shoulder since yesterday, fast traffic is swerving around them.",illegal_parking,7.5,high,highway,3,1
बाटोको किनारा धेरै ठाउँबाट खस्केर अस्पताल मा खतरा भएको छ। सरकारले चाँडै हेर्नुपर्यो।,infrastructure,8.5,critical,hospital,4,0
"Footpath drain blocked on the highway since yesterday, waterlogging is slowing heavy traffic.",drainage,7.5,high,highway,1,1
"Footpath drain covered by construction debris since yesterday, water cannot reach the outlet.",drainage,5.5,medium,industrial,1,3
"Microbuses left near an industrial gate in Dhangadhi since yesterday, large vehicles have little turning space.",illegal_parking,7.0,high,industrial,3,1
There are many empty bottles and plastic bags lying around. The smell is starting to bother people nearby.,garbage,5.0,medium,residential,2,3
"Delivery vans parked fully on the footpath since yesterday, pedestrians are forced onto the road.",illegal_parking,7.0,high,residential,3,1
"Wind has scattered plastic waste and paper across the area around an overflowing public bin, along the hospital access road.",trash,2.5,low,hospital,7,2
"Temple wall badly scratched on a highway, visitors have complained about disrespect.",vandalism,7.0,high,highway,8,1
"Speed-limit sign knocked down in Itahari, drivers cannot confirm the speed restriction.",road_damaged_sign,6.0,medium,commercial,6,3
"Roadside drain overflowing with sewage since yesterday, residents face a serious health risk.",drainage,9.5,critical,residential,1,0
"Cracked pavement creating a trip hazard, near shops.",infrastructure,8.5,high,commercial,4,1
There is a hole near the edge of the road where motorcycles pass. Drivers are starting to avoid the spot.,pothole,5.5,medium,school,5,3
Discarded bottles and takeaway containers are blocking part of the pedestrian path along the commercial street.,trash,7.0,high,commercial,7,1
Loose paving blocks near the entrance near the hospital.,infrastructure,7.5,high,hospital,4,1
"Temple wall damaged with permanent marker on a highway, visitors have complained about disrespect.",vandalism,7.0,high,highway,8,1
Waste is collecting near the drain and blocking the water flow. The waste is close to the walking path.,garbage,7.5,high,hospital,2,1
"Junction sign fallen into a drain near an industrial road, drivers are taking wrong turns and causing traffic.",road_damaged_sign,6.0,medium,industrial,6,3
"Market drain overflowing near a school after recent rain, children are walking through dirty water.",drainage,7.5,high,school,1,1
"Plastic bags and disposable containers are scattered around the school boundary after the bin overflowed, near the community area.",trash,4.5,medium,public,7,3
There is a bad smell coming from the garbage near the street. The waste is spreading after people pass by.,garbage,9.0,critical,school,2,0
"Open drain blocked with plastic waste, rainwater is flooding the road.",drainage,7.5,high,residential,1,1
"Cargo vans blocking a hospital entrance in Dharan, ambulances are delayed.",illegal_parking,9.0,critical,hospital,3,0
"School boundary wall left with official lettering blacked out near an industrial road, damage is visible from the school gate.",vandalism,6.0,medium,industrial,8,3
"Narrow-bridge sign turned toward the wrong road near a market, motorcycles are braking suddenly.",road_damaged_sign,8.5,high,market,6,1
"Food waste and plastic packaging are scattered around the neighborhood after garbage bags were damaged, beside the public access route.",domestic_trash,9.0,high,public,0,1
"Culvert partly blocked by leaves since yesterday, water drains slowly during rain.",drainage,4.0,low,public,1,2
"Roadwork sign faded and unreadable in Dhangadhi, vehicles are entering the work area too fast.",road_damaged_sign,8.0,high,highway,6,1
There is a pothole where water collects after rain. Motorcycles are slowing down at that point.,pothole,5.5,medium,hospital,5,3
"Hospital access drain damaged near a commercial area, wastewater is spreading on the footpath.",drainage,7.0,high,commercial,1,1
"Cargo vans left over a zebra crossing in Dharan after recent rain, pedestrians are walking into traffic.",illegal_parking,8.0,high,public,3,1
Food containers scattered near the shops near the warehouse.,trash,4.0,medium,industrial,7,3
"Pedestrian-crossing sign fallen into a drain in Butwal, pedestrians cannot find the crossing point.",road_damaged_sign,7.0,high,industrial,6,1
"Public water tap left with its notice torn down in a public area, the public facility is unsafe to use.",vandalism,6.5,high,public,8,1
"School buses parked fully on the footpath after recent rain, pedestrians are forced onto the road.",illegal_parking,7.0,high,residential,3,1
"Motorcycles blocking a public bus stop since yesterday, buses are stopping in the traffic lane.",illegal_parking,6.5,high,commercial,3,1
"Roadside drain blocked with plastic waste after recent rain, rainwater is flooding the road.",drainage,7.5,high,residential,1,1
वर्षापछि बजार को नाला भरि पानी भरिएर बाटोमा फैलिएको छ। छिटो मर्मत गर्नुपर्यो।,drainage,6.8,high,market,1,1
Garbage bags are broken and the waste is spread across the sidewalk. It has been there since yesterday.,garbage,7.0,high,school,2,1
"One-way sign knocked down near a school, traffic slows while drivers confirm the route.",road_damaged_sign,4.5,medium,school,6,3
"School-zone sign covered by posters on a highway, children are crossing without warning.",road_damaged_sign,9.0,critical,highway,6,0
Fohor drain najik jamma bhayera pani bagna garo bhako cha. Bato ra area fohor bhairako cha.,garbage,6.5,high,residential,2,1
"Mixed litter blocking the footpath, near the factory.",trash,4.5,medium,industrial,7,3
"Bus shelter marked with offensive words near a market, the same place was damaged repeatedly.",vandalism,5.5,medium,market,8,3
There are potholes on the street and motorcycles are struggling to pass. It is becoming harder to pass during rain.,pothole,5.5,medium,hospital,5,3
"पानी जम्मा भएर सार्वजनिक स्थान को बाटो डुब्न थाल्यो, गाडीहरू अड्किएका छन्। नाला सफा गर्नुपर्यो।",drainage,5.3,low,public,1,2
"Broken barrier blocking part of the road, outside houses.",infrastructure,7.0,high,residential,4,1
"Road divider marked with offensive words on a highway, the public facility is unsafe to use.",vandalism,7.5,high,highway,8,1
"Pedestrian underpass covered with political slogans on a residential road, the same place was damaged repeatedly.",vandalism,6.0,medium,residential,8,3
"Hospital direction sign hanging from one bolt in Bhaktapur, patients are taking wrong turns.",road_damaged_sign,6.0,medium,school,6,3
"Household rubbish blocking the pavement, beside the hospital.",domestic_trash,7.5,high,hospital,0,1
"Highway drain filled with mud after rain since yesterday, water is entering nearby shops.",drainage,7.0,high,market,1,1
Garbage is collecting near houses and the smell is getting worse. It has been there since yesterday.,garbage,9.0,critical,school,2,0
Mixed rubbish has accumulated around the waste collection point near the busy commercial area along the public walkway.,trash,3.5,low,public,7,2
"Plastic wrappers, cans, and food containers are scattered along the public walkway, beside the factory service route.",trash,3.0,low,industrial,7,2
Deep potholes damaging the road surface on the market street.,infrastructure,3.0,low,commercial,4,2
Discarded food packaging is covering part of the pavement near the shopping area along the commercial street.,trash,4.0,medium,commercial,7,3
There is rubbish around the road and it needs cleaning. The waste has been left there for several days.,garbage,5.5,medium,residential,2,3
"Domestic waste is overflowing from a collection area and spreading into the nearby residential road, along the hospital access road.",domestic_trash,7.0,high,hospital,0,1
"Residential drain giving off a strong smell since yesterday, nearby residents cannot open windows.",drainage,5.0,medium,residential,1,3
A pothole is getting larger after rain. It has been there for a few days.,pothole,8.5,high,residential,5,1
"Footbridge railing damaged with permanent marker on a residential road, sharp parts are exposed beside pedestrians.",vandalism,8.5,high,residential,8,1
"Rental cars parked fully on the footpath in Pokhara after recent rain, pedestrians are forced onto the road.",illegal_parking,7.0,high,residential,3,1
"Several sections of the road edge have collapsed, leaving an unsafe drop beside the main route beside the public access route.",infrastructure,6.0,medium,public,4,3
"Narrow-bridge sign covered by posters near a market, night drivers cannot see the hazard.",road_damaged_sign,8.5,high,market,6,1
A deep hole has formed in the public walkway and is difficult to notice during low-light conditions outside several houses.,infrastructure,5.0,medium,residential,4,3
Public waste left beside the road near shops.,trash,2.5,low,commercial,7,2
"Open drain blocked with plastic waste since yesterday, rainwater is flooding the road.",drainage,7.5,high,residential,1,1
The garbage pickup has been irregular and waste is staying outside. It has been there for several days.,garbage,9.0,critical,market,2,0
Household rubbish blocking the pavement at the hospital.,domestic_trash,6.0,medium,hospital,0,3
"Private cars left beside a no-parking sign after recent rain, traffic is moving slowly.",illegal_parking,5.0,medium,commercial,3,3
"Uncollected household waste is producing a bad smell and causing complaints from nearby residents, beside the factory service route.",domestic_trash,5.5,medium,industrial,0,3
"Road divider damaged with permanent marker on a highway, the damage may worsen without repair.",vandalism,4.0,low,highway,8,2
"Food waste and plastic packaging are scattered around the neighborhood after garbage bags were damaged, outside several houses.",domestic_trash,4.0,medium,residential,0,3
"A broken curb has created a large gap that forces pedestrians to step closer to moving traffic, along the student walkway.",infrastructure,6.0,medium,school,4,3
Food waste and plastic packaging are scattered around the neighborhood after garbage bags were damaged beside the factory service route.,domestic_trash,4.0,medium,industrial,0,3
The pothole is filled with rainwater and its depth is hard to see. Rainwater is collecting in the hole.,pothole,8.5,high,hospital,5,1
Collapsed drain leaving an open gap near the factory.,infrastructure,6.0,medium,industrial,4,3
"Pedestrian-crossing sign blocked by a vendor board near an industrial road, pedestrians cannot find the crossing point.",road_damaged_sign,7.5,high,industrial,6,1
There is rubbish around the road and it needs cleaning. Dogs are opening the bags and spreading the waste.,garbage,5.5,medium,residential,2,3
"Cars blocking a residential driveway after recent rain, residents cannot move their vehicles.",illegal_parking,5.5,medium,residential,3,3
"Sharp-bend sign bent away from traffic in a public area, drivers are approaching the hazard too quickly.",road_damaged_sign,8.0,high,public,6,1
"Speed-limit sign painted over in a commercial area, motorcycles are braking near the barriers.",road_damaged_sign,8.0,high,commercial,6,1
Food waste is scattered around because dogs are tearing the bags. It has been there for several days.,garbage,8.0,high,market,2,1
There is waste scattered near the roadside and it needs to be collected. The waste is creating a serious health and safety concern.,garbage,9.5,critical,residential,2,0
"Public notice board damaged with permanent marker in a commercial area, emergency contact details are blocked.",vandalism,8.0,high,commercial,8,1
There is waste scattered near the roadside and it needs to be collected. People are having to walk around the garbage.,garbage,3.0,low,market,2,2
"Mixed litter blocking the footpath, in the business area.",trash,5.0,medium,commercial,7,3
"Culvert blocked on the highway, waterlogging is slowing heavy traffic.",drainage,7.5,high,highway,1,1
Household garbage has accumulated near the entrance of several houses and is becoming difficult to manage near the shopping area.,domestic_trash,4.5,medium,commercial,0,3
The street is dirty because garbage has not been collected. Flies are gathering around the waste.,garbage,3.5,low,school,2,2
"Community drain blocked on the highway since yesterday, waterlogging is slowing heavy traffic.",drainage,8.0,high,highway,1,1
Household waste has been left outside for several days. The waste is close to the walking path.,garbage,9.0,critical,market,2,0
"Pedestrian underpass badly scratched on a residential road, residents have requested cleaning.",vandalism,4.5,medium,residential,8,3
"Ward-office gate damaged with permanent marker near a hospital, part of the public notice cannot be read.",vandalism,6.5,high,hospital,8,1
There is a pile of household waste beside the road. The waste is causing water to overflow around the road.,garbage,9.5,critical,school,2,0
"No-entry sign bent away from traffic near a hospital, vehicles are entering from conflicting directions.",road_damaged_sign,9.0,critical,hospital,6,0
गाडीहरू राजमार्ग को दुबै साइडमा गैरकानूनी पार्किङ गरेका छन्। मानिसहरूलाई धेरै समस्या भएको छ।,illegal_parking,8.4,high,highway,3,1
"Mixed litter blocking the footpath, near the school.",trash,3.5,low,school,7,2
"Cars parked at a busy junction since yesterday, drivers cannot see approaching vehicles.",illegal_parking,8.5,high,market,3,1
पुलको संरचना कमजोर भएर सार्वजनिक स्थान बाट हिँड्न खतरा भएको छ। छिटो मर्मत गर्नुपर्यो।,infrastructure,5.3,low,public,4,2
A hole in the road is causing vehicles to shake while passing. Drivers have to brake suddenly when they notice it.,pothole,7.0,high,school,5,1
"Loose paving blocks near the entrance, on the industrial road.",infrastructure,9.0,high,industrial,4,1
Yo khadal le bike chalauna garo bhako cha. Gadi haru lai problem bhairako cha.,pothole,7.5,high,school,5,1
Khadal ma pani bhareko le kati deep cha thaha hudaina. Gadi haru lai problem bhairako cha.,pothole,8.5,high,hospital,5,1
A deep hole has formed in the public walkway and is difficult to notice during low-light conditions near the hospital entrance.,infrastructure,3.5,low,hospital,4,2
Plastic bags and food waste are spread around the area. The garbage is increasing day by day.,garbage,2.5,low,school,2,2
ट्राफिक साइन बोर्ड अस्पताल मा बाङ्गिएर देख्न गाह्रो भएको छ। सरकारले चाँडै हेर्नुपर्यो।,road_damaged_sign,8.6,critical,hospital,6,0
"Motorcycles blocking a market loading area, deliveries and shoppers are delayed.",illegal_parking,6.5,high,market,3,1
"Motorcycles parked at a busy junction after recent rain, drivers cannot see approaching vehicles.",illegal_parking,9.0,critical,market,3,0
"Cracked pavement creating a trip hazard, at the school entrance.",infrastructure,8.0,high,school,4,1
The road surface has broken away and left a hole. Drivers can see it clearly during the day.,pothole,3.0,low,hospital,5,2
"School-side drain collapsed beside the road after recent rain, pedestrians could fall into the opening.",drainage,8.0,high,public,1,1
"Open drain damaged near a commercial area since yesterday, wastewater is spreading on the footpath.",drainage,7.5,high,commercial,1,1
Rubbish piled up beside the walkway on the residential lane.,trash,6.5,medium,residential,7,3
"Footbridge railing left with broken tiles on a residential road, the damage may worsen without repair.",vandalism,5.0,medium,residential,8,3
प्लास्टिक र कागजको फोहोर बतासले उडेर राजमार्ग तिर फैलिएको छ। मानिसहरूलाई धेरै समस्या भएको छ।,trash,7.8,high,highway,7,1
Waste is blocking part of the footpath. Flies are gathering around the waste.,garbage,9.0,critical,market,2,0
"Tourist vans left near an industrial gate, large vehicles have little turning space.",illegal_parking,6.5,high,industrial,3,1
The road has a large uneven section caused by a pothole. Drivers are starting to avoid the spot.,pothole,5.0,medium,residential,5,3
"Private cars blocking a market loading area, deliveries and shoppers are delayed.",illegal_parking,5.5,medium,market,3,3
पुलको संरचना कमजोर भएर व्यापारिक क्षेत्र बाट हिँड्न खतरा भएको छ। मानिसहरूलाई धेरै खतरा भएको छ।,infrastructure,6.7,medium,commercial,4,3
There is a pile of household waste beside the road. The waste is burning and smoke is spreading around the area.,garbage,9.0,critical,school,2,0
घरको फोहोरको बोरा राजमार्ग को बाटोमा छरिएको छ। छिटो फोहोर उठाइदिनुपर्यो।,domestic_trash,8.3,high,highway,0,1
"Public toilet covered with illegal advertising in a public area, the same place was damaged repeatedly.",vandalism,6.5,high,public,8,1
"Culvert blocked with plastic waste, rainwater is flooding the road.",drainage,8.5,high,residential,1,1
"Pickup vehicles blocking a public bus stop, buses are stopping in the traffic lane.",illegal_parking,6.5,high,commercial,3,1
The road surface has broken away and left a hole. Several motorcycles are avoiding the same spot.,pothole,7.5,high,market,5,1
"School-side drain breeding mosquitoes, the area has an increased disease risk.",drainage,7.0,high,residential,1,1
"Broken barrier blocking part of the road, on the residential lane.",infrastructure,4.0,medium,residential,4,3
"School buses parked along a highway shoulder, fast traffic is swerving around them.",illegal_parking,7.5,high,highway,3,1
"Tourist vans parked across a school gate after recent rain, children are entering through traffic.",illegal_parking,7.5,high,school,3,1
The waste area is attracting flies and has a strong smell. It has been there for several days.,garbage,8.0,high,school,2,1
The garbage pickup has been irregular and waste is staying outside. People are avoiding that part of the street.,garbage,8.5,high,residential,2,1
The road has a damaged patch with a noticeable hole. It is difficult to see at night.,pothole,5.5,medium,residential,5,3
Public waste has accumulated beside the entrance and is creating an unpleasant smell for visitors beside the public access route.,trash,4.0,medium,public,7,3
Loose litter is spreading around an overflowing bin and making the public area difficult to keep clean beside the factory service route.,trash,8.0,high,industrial,7,1
A hole has formed in the road and it is difficult for vehicles to pass. Motorcycles are at risk of losing balance near the hole.,pothole,7.0,high,residential,5,1
"Microbuses parked at a busy junction in Dhangadhi after recent rain, drivers cannot see approaching vehicles.",illegal_parking,8.5,high,market,3,1
A hole has formed in the road and it is difficult for vehicles to pass. It is not affecting the normal movement of vehicles.,pothole,3.0,low,hospital,5,2
"A manhole cover is loose and uneven, creating a dangerous hazard for pedestrians and cyclists near the community area.",infrastructure,9.0,high,public,4,1
"Tourist vans parked fully on the footpath, pedestrians are forced onto the road.",illegal_parking,8.0,high,residential,3,1
Plastic bags and food waste are spread around the area. Residents are asking for the waste to be picked up.,garbage,7.0,high,hospital,2,1
The road surface is broken and there is a pothole in the middle. The broken area is getting wider.,pothole,9.0,critical,residential,5,0
"Public water tap defaced with large drawings in a public area, sharp parts are exposed beside pedestrians.",vandalism,8.0,high,public,8,1
"Food containers scattered near the shops, on the market street.",trash,4.5,medium,commercial,7,3
"Parking restriction sign missing from its pole near a hospital, parked cars are blocking junction visibility.",road_damaged_sign,8.5,high,hospital,6,1
"Community drain breeding mosquitoes, the area has an increased disease risk.",drainage,6.5,high,residential,1,1
"Garbage bags torn open by dogs, outside houses.",domestic_trash,4.5,medium,residential,0,3
"पानी जम्मा भएर व्यापारिक क्षेत्र को बाटो डुब्न थाल्यो, गाडीहरू अड्किएका छन्। छिटो मर्मत गर्नुपर्यो।",drainage,4.7,medium,commercial,1,3
Public waste has accumulated beside the entrance and is creating an unpleasant smell for visitors.,trash,7.0,high,public,7,1
"Cross-road drain partly blocked by leaves, water drains slowly during rain.",drainage,5.0,medium,public,1,3
"Plastic bags and disposable containers are scattered around the school boundary after the bin overflowed, beside the school boundary.",trash,9.0,high,school,7,1
Yo khadal le bike chalauna garo bhako cha. Bato banaidina paryo.,pothole,5.0,medium,school,5,3
"Pothole near the school, children falling while crossing, parents very worried",pothole,9.0,critical,school,5,0
"Loose domestic rubbish has been blown across the street and into the drainage area after strong wind, near the warehouse area.",domestic_trash,6.5,medium,industrial,0,3
"Ward-office gate covered with pasted flyers near a hospital, emergency contact details are blocked.",vandalism,8.0,high,hospital,8,1
The road has a damaged patch with a noticeable hole. It is on a road used by many people.,pothole,8.5,high,residential,5,1
"Pickup vehicles left beside a no-parking sign after recent rain, traffic is moving slowly.",illegal_parking,6.0,medium,commercial,3,3
"Several bags of household rubbish are blocking part of the footpath outside a row of homes, outside several houses.",domestic_trash,9.0,high,residential,0,1
"Roadwork sign knocked down on a highway, motorcycles are braking near the barriers.",road_damaged_sign,7.5,high,highway,6,1
"Parking restriction sign fallen into a drain near a hospital, parked vehicles are narrowing the road.",road_damaged_sign,7.0,high,hospital,6,1
"Footpath drain damaged near a commercial area since yesterday, wastewater is spreading on the footpath.",drainage,7.0,high,commercial,1,1
"Cars parked along a highway shoulder, fast traffic is swerving around them.",illegal_parking,7.5,high,highway,3,1
A section of the footpath has sunk below the surrounding surface and is difficult to walk across safely beside the hospital walkway.,infrastructure,6.5,medium,hospital,4,3
"Storm-water drain collapsed beside the road after recent rain, pedestrians could fall into the opening.",drainage,8.0,high,public,1,1
"Public bin overflowing onto the pavement, near the school.",trash,4.0,medium,school,7,3
"Parking restriction sign bent away from traffic in Dharan, parked vehicles are narrowing the road.",road_damaged_sign,6.0,medium,hospital,6,3
Plastic bags and disposable containers are scattered around the school boundary after the bin overflowed near the warehouse area.,trash,4.0,medium,industrial,7,3
"Community hall left with its notice torn down in a commercial area, residents have requested cleaning.",vandalism,4.0,low,commercial,8,2
Deep potholes damaging the road surface on the public road.,infrastructure,3.0,low,public,4,2
"One-way sign faded and unreadable near a school, drivers are taking wrong turns and causing traffic.",road_damaged_sign,7.0,high,school,6,1
"Household waste left outside homes, on the public walkway.",domestic_trash,4.5,medium,public,0,3
"Roadwork sign bent away from traffic on a highway, vehicles are entering the work area too fast.",road_damaged_sign,9.0,critical,highway,6,0
The road has a deep hole that drivers need to avoid. It is becoming harder to pass during rain.,pothole,5.0,medium,hospital,5,3
"Construction vehicles parked at a busy junction since yesterday, drivers cannot see approaching vehicles.",illegal_parking,9.0,critical,market,3,0
Loose litter is spreading around an overflowing bin and making the public area difficult to keep clean near nearby homes.,trash,2.5,low,residential,7,2
"Main sewer line partly blocked by leaves since yesterday, water drains slowly during rain.",drainage,5.0,medium,public,1,3
Discarded bottles and takeaway containers are blocking part of the pedestrian path beside nearby shops.,trash,5.5,medium,commercial,7,3
"Pedestrian underpass left with broken tiles on a residential road, residents have requested cleaning.",vandalism,3.5,low,residential,8,2
"Discarded household waste is scattered around the neighborhood and creating a visible sanitation problem, along the highway shoulder.",domestic_trash,5.5,medium,highway,0,3
"Discarded bottles and takeaway containers are blocking part of the pedestrian path, near the main road junction.",trash,5.0,medium,highway,7,3
Household waste has been left outside for several days. The garbage is blocking access through the area.,garbage,9.5,critical,market,2,0
"School-zone sign missing from its pole in Bharatpur, children are crossing without warning.",road_damaged_sign,9.0,critical,highway,6,0
Plastic bottles scattered near the road near homes.,trash,6.5,medium,residential,7,3
A pothole has appeared after the recent rain. Cars are moving around it to avoid the hole.,pothole,5.5,medium,school,5,3
"Trucks left near an industrial gate, large vehicles have little turning space.",illegal_parking,7.0,high,industrial,3,1
"Cars parked on both sides of a narrow road in Kathmandu, emergency vehicles cannot pass.",illegal_parking,8.5,high,hospital,3,1
Garbage bags are broken and the waste is spread across the sidewalk. The smell is noticeable around the area.,garbage,5.5,medium,market,2,3
The public bin is full and people are putting bags beside it. Rain is washing some of the waste onto the road.,garbage,9.0,critical,hospital,2,0
Several holes are visible on the road surface. Vehicles need to slow down at that point.,pothole,5.5,medium,hospital,5,3
"Tourist vans left over a zebra crossing in Hetauda after recent rain, pedestrians are walking into traffic.",illegal_parking,8.5,high,public,3,1
"Trash bags scattered on the street, near the warehouse.",domestic_trash,8.0,high,industrial,0,1
"School boundary wall damaged with permanent marker near an industrial road, the school safety notice is unreadable.",vandalism,6.5,high,industrial,8,1
"Microbuses left beside a no-parking sign since yesterday, traffic is moving slowly.",illegal_parking,5.5,medium,commercial,3,3
"Stop sign knocked down in Kathmandu, vehicles are entering from conflicting directions.",road_damaged_sign,8.5,high,residential,6,1
Garbage has been left in an open place and is spreading around. The waste is spreading after people pass by.,garbage,8.5,high,school,2,1
"Roadside drain filled with mud after rain after recent rain, water is entering nearby shops.",drainage,7.0,high,market,1,1
"Cross-road drain blocked with plastic waste, rainwater is flooding the road.",drainage,8.0,high,residential,1,1
There is a pothole where water collects after rain. People are asking for the road to be repaired.,pothole,5.5,medium,school,5,3
A hole has formed in the road and it is difficult for vehicles to pass. It is on a road used by many people.,pothole,9.5,critical,market,5,0
"Private cars left beside a no-parking sign, traffic is moving slowly.",illegal_parking,5.0,medium,commercial,3,3
"Mixed litter blocking the footpath, at the school entrance.",trash,8.0,high,school,7,1
"Roadwork sign missing from its pole on a highway, vehicles are entering the work area too fast.",road_damaged_sign,8.5,high,highway,6,1
"Government vehicles left over a zebra crossing since yesterday, pedestrians are walking into traffic.",illegal_parking,8.5,high,public,3,1
Rubbish piled up beside the walkway at the hospital entrance.,trash,7.0,high,hospital,7,1
"Heritage rest house covered with pasted flyers near a hospital, the culturally important surface is damaged.",vandalism,8.0,high,hospital,8,1
Household rubbish blocking the pavement at the industrial road.,domestic_trash,2.5,low,industrial,0,2
There is a pothole on the road and vehicles have to slow down. Several vehicles are being affected while passing.,pothole,6.5,high,school,5,1
"Ward-office gate scraped across the surface near a hospital, emergency contact details are blocked.",vandalism,8.0,high,hospital,8,1
Rubbish piled up beside the walkway near the community area.,trash,6.5,medium,public,7,3
"Cross-road drain overflowing near a school after recent rain, children are walking through dirty water.",drainage,8.0,high,school,1,1
Household waste has been left beside the road for several days and is attracting insects and stray animals beside the factory service route.,domestic_trash,9.5,high,industrial,0,1
"Large pothole at the T-junction, drivers unable to see it at night, very dangerous",pothole,8.5,high,residential,5,1
People are throwing waste in the open area and the pile is getting bigger. The collection vehicle has not come recently.,garbage,8.5,high,residential,2,1
"Speed-limit sign hanging from one bolt in a commercial area, motorcycles are braking near the barriers.",road_damaged_sign,7.5,high,commercial,6,1
"The highway shoulder is badly damaged and contains loose concrete pieces that could affect traffic, beside the factory service route.",infrastructure,6.0,medium,industrial,4,3
"Cross-road drain leaking near a hospital since yesterday, dirty water is crossing the entrance.",drainage,8.0,high,hospital,1,1
"Household waste left outside homes, beside the hospital.",domestic_trash,5.5,medium,hospital,0,3
"Stop sign missing from its pole in Kathmandu, traffic slows while drivers confirm the route.",road_damaged_sign,4.0,low,residential,6,2
सार्वजनिक पर्खाल औद्योगिक क्षेत्र मा तोडफोड भएको छ। जिम्मेवार मानिस पत्ता लगाउनुपर्यो।,vandalism,3.5,medium,industrial,8,3
"Cargo vans left near an industrial gate, large vehicles have little turning space.",illegal_parking,6.0,medium,industrial,3,3
"Cracked pavement creating a trip hazard, near the school.",infrastructure,4.0,medium,school,4,3
"Public gutter overflowing with sewage, residents face a serious health risk.",drainage,9.5,critical,residential,1,0
"Government vehicles parked on both sides of a narrow road, emergency vehicles cannot pass.",illegal_parking,9.5,critical,hospital,3,0
"Pickup vehicles left beside a no-parking sign, traffic is moving slowly.",illegal_parking,6.0,medium,commercial,3,3
Household trash bags are scattered across the residential street after being torn open by stray dogs near the school entrance.,domestic_trash,7.5,high,school,0,1
"Pedestrian-crossing sign missing from its pole near an industrial road, pedestrians cannot find the crossing point.",road_damaged_sign,7.0,high,industrial,6,1
Garbage is lying on the street and people are walking around it. The garbage is increasing day by day.,garbage,6.5,high,market,2,1
A waste collection point is overflowing and loose rubbish is spreading into the nearby road near the community area.,trash,7.5,high,public,7,1
There is rubbish around the road and it needs cleaning. It has been there for several days.,garbage,5.0,medium,school,2,3
A pothole is causing buses and cars to slow down. Motorcycles are slowing down at that point.,pothole,7.0,high,school,5,1
"Industrial drain blocked on the highway, waterlogging is slowing heavy traffic.",drainage,7.5,high,highway,1,1
"Road divider covered with political slogans on a highway, sharp parts are exposed beside pedestrians.",vandalism,8.5,high,highway,8,1
Household waste has been left beside the road for several days and is attracting insects and stray animals near the hospital entrance.,domestic_trash,6.0,medium,hospital,0,3
"Culvert blocked on the highway since yesterday, waterlogging is slowing heavy traffic.",drainage,7.5,high,highway,1,1
"Health-post wall covered with spray-painted tags near an industrial road, visitors cannot identify the correct entrance.",vandalism,6.0,medium,industrial,8,3
A broken concrete barrier has fallen partly onto the road and is creating a traffic hazard beside the school boundary.,infrastructure,8.5,high,school,4,1
"Household garbage has accumulated near the entrance of several houses and is becoming difficult to manage, along the industrial access road.",domestic_trash,5.0,medium,industrial,0,3
A broken concrete barrier has fallen partly onto the road and is creating a traffic hazard along the student walkway.,infrastructure,9.8,high,school,4,1
"Government vehicles blocking a residential driveway since yesterday, residents cannot move their vehicles.",illegal_parking,5.0,medium,residential,3,3
"Pedestrian underpass damaged with permanent marker on a residential road, the markings are small but visible.",vandalism,3.5,low,residential,8,2
सिग्नल बोर्ड अस्पताल मा पुरानो भएर मानिसहरूले देख्न सक्दैनन्। छिटो मर्मत गर्नुपर्यो।,road_damaged_sign,9.0,critical,hospital,6,0
"Minibuses parked across a school gate since yesterday, children are entering through traffic.",illegal_parking,7.5,high,school,3,1
The road has a damaged patch with a noticeable hole. The hole is creating a serious risk for people using the road.,pothole,9.0,critical,market,5,0
"Several sections of the road edge have collapsed, leaving an unsafe drop beside the main route, near the shopping area.",infrastructure,7.0,high,commercial,4,1
The pothole is making it uncomfortable for people riding motorcycles. The hole is making the road uncomfortable to use.,pothole,7.5,high,school,5,1
"Cargo vans parked on both sides of a narrow road after recent rain, emergency vehicles cannot pass.",illegal_parking,9.0,critical,hospital,3,0
"Taxis blocking a market loading area since yesterday, deliveries and shoppers are delayed.",illegal_parking,5.5,medium,market,3,3
Uncollected household waste is producing a bad smell and causing complaints from nearby residents beside the factory service route.,domestic_trash,6.0,medium,industrial,0,3
"Heritage rest house covered with illegal advertising near a hospital, the culturally important surface is damaged.",vandalism,7.5,high,hospital,8,1
"Deep potholes damaging the road surface, near the warehouse.",infrastructure,7.5,high,industrial,4,1
The road has a deep hole that drivers need to avoid. Buses are slowing down near the damaged section.,pothole,9.0,critical,residential,5,0
"Public toilet marked with offensive words in a public area, the same place was damaged repeatedly.",vandalism,6.5,high,public,8,1
A pothole is getting larger after rain. Vehicles are swerving to avoid the hole.,pothole,7.0,high,hospital,5,1
"Taxis left beside a no-parking sign, traffic is moving slowly.",illegal_parking,5.0,medium,commercial,3,3
"School boundary wall covered with spray-painted tags near an industrial road, damage is visible from the school gate.",vandalism,5.5,medium,industrial,8,3
म्यानहोलको ढक्कन फुटेर राजमार्ग को बाटोमा ठूलो खाल्डो भएको छ। मर्मत सम्भार आवश्यक छ।,infrastructure,7.9,high,highway,4,1
"Residential drain filled with mud after rain since yesterday, water is entering nearby shops.",drainage,7.5,high,market,1,1
The waste area is attracting flies and has a strong smell. There are food leftovers mixed with plastic.,garbage,9.0,critical,market,2,0
"One-way sign cracked with a loose edge near a school, vehicles are entering from conflicting directions.",road_damaged_sign,9.5,critical,school,6,0
"Narrow-bridge sign hidden by branches near a market, motorcycles are braking suddenly.",road_damaged_sign,8.0,high,market,6,1
"Cars parked across a school gate since yesterday, children are entering through traffic.",illegal_parking,8.0,high,school,3,1
A section of concrete near the hospital entrance has broken apart and is obstructing pedestrian access.,infrastructure,8.0,high,school,4,1
"Public notice board defaced with large drawings in a commercial area, part of the public notice cannot be read.",vandalism,5.5,medium,commercial,8,3
"Rental cars blocking a market loading area since yesterday, deliveries and shoppers are delayed.",illegal_parking,6.0,medium,market,3,3
"Animal-crossing sign missing from its pole in Birgunj, drivers are not warned about livestock.",road_damaged_sign,7.0,high,public,6,1
"Culvert covered by construction debris after recent rain, water cannot reach the outlet.",drainage,5.5,medium,industrial,1,3
The road has a large uneven section caused by a pothole. Vehicles are swerving to avoid the hole.,pothole,8.0,high,hospital,5,1
"Covered drain covered by construction debris, water cannot reach the outlet.",drainage,5.5,medium,industrial,1,3
"Waste enclosure damaged with permanent marker near a market, the same place was damaged repeatedly.",vandalism,5.5,medium,market,8,3
"Heritage rest house covered with illegal advertising near a hospital, special cleaning is required.",vandalism,6.0,medium,hospital,8,3
"Market drain breeding mosquitoes since yesterday, the area has an increased disease risk.",drainage,6.5,high,residential,1,1
"Health-post wall covered with political slogans near an industrial road, patients cannot read the service details.",vandalism,6.0,medium,industrial,8,3
"Rubbish piled up beside the walkway, on the public walkway.",trash,4.5,medium,public,7,3
There is a pothole on the road and vehicles have to slow down. The broken area is getting wider.,pothole,7.0,high,school,5,1
"Household rubbish blocking the pavement, beside the school.",domestic_trash,3.0,low,school,0,2
"Hospital access drain giving off a strong smell, nearby residents cannot open windows.",drainage,5.5,medium,residential,1,3
The pothole is making it uncomfortable for people riding motorcycles. The road surface around the hole is also breaking.,pothole,7.0,high,school,5,1
फोहोर राख्ने ठाउँ नभएकोले मानिसहरूले सार्वजनिक स्थान मा नै फोहोर फाल्ने गर्छन्। छिटो फोहोर उठाइदिनुपर्यो।,domestic_trash,3.3,low,public,0,2
"Loose paving blocks near the entrance, at the hospital entrance.",infrastructure,8.0,high,hospital,4,1
"Garbage blocked the drainage system, water overflowing on the road, flood risk",garbage,8.5,high,residential,2,1
Discarded food packaging is covering part of the pavement near the shopping area near the school entrance.,trash,6.0,medium,school,7,3
"Bridge-load sign cracked with a loose edge on a residential road, heavy vehicles may enter an unsafe bridge.",road_damaged_sign,9.5,critical,residential,6,0
"Public rubbish has been left beside the community walkway and is affecting normal pedestrian access, along the neighborhood road.",trash,7.0,high,residential,7,1
"Heritage rest house covered with political slogans near a hospital, special cleaning is required.",vandalism,6.0,medium,hospital,8,3
There is a hole near the edge of the road where motorcycles pass. Rainwater is collecting in the hole.,pothole,2.0,low,residential,5,2
Bato ko bich ma khadal parera gadi haru avoid garirachan. Repair garnu paryo.,pothole,8.0,high,hospital,5,1
Household waste has been left outside for several days. People are avoiding that part of the street.,garbage,2.5,low,residential,2,2
A damaged road surface has developed deep potholes that are difficult for vehicles to avoid beside the highway access route.,infrastructure,7.0,high,highway,4,1
"Broken barrier blocking part of the road, on the market street.",infrastructure,2.5,low,commercial,4,2
"No-entry sign knocked down near a hospital, drivers are taking wrong turns and causing traffic.",road_damaged_sign,7.0,high,hospital,6,1
"Bato ma thulo khadal cha, gadi haru slow garnu parcha. Repair garnu paryo.",pothole,8.0,high,residential,5,1
"One-way sign knocked down near a school, drivers are taking wrong turns and causing traffic.",road_damaged_sign,7.0,high,school,6,1
"Trucks blocking a public bus stop in Tulsipur after recent rain, buses are stopping in the traffic lane.",illegal_parking,7.5,high,commercial,3,1
The road has a large uneven section caused by a pothole. It becomes harder to see when it rains.,pothole,8.5,high,hospital,5,1
Collapsed drain leaving an open gap at the school entrance.,infrastructure,2.5,low,school,4,2
"Cars blocking a public bus stop after recent rain, buses are stopping in the traffic lane.",illegal_parking,7.5,high,commercial,3,1
"Plastic bottles scattered near the road, near the hospital.",trash,2.5,low,hospital,7,2
Rubbish piled up beside the walkway at the public road.,trash,8.5,high,public,7,1
A hole in the road is causing vehicles to shake while passing. People are asking for the road to be repaired.,pothole,5.0,medium,school,5,3
बिजुलीको पोल बाङ्गिएर अस्पताल को बाटोमा खतरा सिर्जना भएको छ। मर्मत सम्भार आवश्यक छ।,infrastructure,9.3,critical,hospital,4,0
"Industrial drain damaged near a commercial area, wastewater is spreading on the footpath.",drainage,7.0,high,commercial,1,1
"School-side drain breeding mosquitoes since yesterday, the area has an increased disease risk.",drainage,7.0,high,residential,1,1
"School boundary wall left with its notice torn down near an industrial road, children can see inappropriate language.",vandalism,6.5,high,industrial,8,1
"Trucks parked on both sides of a narrow road in Tulsipur after recent rain, emergency vehicles cannot pass.",illegal_parking,8.5,high,hospital,3,1
"Speed-limit sign turned toward the wrong road in a commercial area, vehicles are entering the work area too fast.",road_damaged_sign,8.0,high,commercial,6,1
Garbage is collecting near houses and the smell is getting worse. People are avoiding that part of the street.,garbage,5.0,medium,market,2,3
"Storm-water drain covered by construction debris since yesterday, water cannot reach the outlet.",drainage,6.5,high,industrial,1,1
Household waste has been left outside for several days. It has been there for several days.,garbage,7.5,high,school,2,1
सडकको सतह भत्किएर अस्पताल मा गाडी चलाउन गाह्रो भएको छ। मर्मत सम्भार आवश्यक छ।,infrastructure,9.3,critical,hospital,4,0
"Microbuses blocking a residential driveway since yesterday, residents cannot move their vehicles.",illegal_parking,5.5,medium,residential,3,3
घरघरबाट आएको फोहोर राजमार्ग को ढलसम्म पुगेको छ। मानिसहरूलाई धेरै समस्या भएको छ।,domestic_trash,7.7,high,highway,0,1
"Speed-limit sign blocked by a vendor board in a commercial area, vehicles are entering the work area too fast.",road_damaged_sign,8.0,high,commercial,6,1
Household rubbish blocking the pavement at at the school entrance.,domestic_trash,7.0,high,school,0,1
The road surface has broken away and left a hole. It is causing vehicles to shake while crossing.,pothole,5.0,medium,school,5,3
"Bus-stop sign blocked by a vendor board in a commercial area, passengers are stepping into moving traffic.",road_damaged_sign,8.0,high,commercial,6,1
Khana ko fohor ra plastic bato ma chhariyeko cha. Yesto fohor uthauna paryo.,garbage,5.0,medium,residential,2,3
"Motorcycles parked across a school gate since yesterday, children are entering through traffic.",illegal_parking,8.5,high,school,3,1
Garbage is collecting near houses and the smell is getting worse. The smell is noticeable around the area.,garbage,5.0,medium,market,2,3
"Public gutter leaking near a hospital after recent rain, dirty water is crossing the entrance.",drainage,9.0,critical,hospital,1,0
The garbage pickup has been irregular and waste is staying outside. The pile is spreading across the walking area.,garbage,8.5,high,residential,2,1
दिशा सूचक बोर्ड विद्यालय बाट हराएर चालकहरू भ्रमित भइरहेका छन्। नयाँ साइन राख्नुपर्यो।,road_damaged_sign,7.8,critical,school,6,0
"Health-post wall damaged with permanent marker near an industrial road, visitors cannot identify the correct entrance.",vandalism,7.0,high,industrial,8,1
"Public water tap marked with offensive words in a public area, the public facility is unsafe to use.",vandalism,7.0,high,public,8,1
People are leaving garbage beside the road instead of in the bin. Residents are asking for the waste to be picked up.,garbage,2.5,low,residential,2,2
ढल आवासीय क्षेत्र मा अवरुद्ध भएर फोहोर पानी बाहिर बगिरहेको छ। सरकारले चाँडै हेर्नुपर्यो।,drainage,5.2,high,residential,1,1
"Hospital direction sign faded and unreadable in Bhaktapur, patients are taking wrong turns.",road_damaged_sign,6.5,high,school,6,1
There is a bad smell coming from the garbage near the street. It has been there for several days.,garbage,6.5,high,residential,2,1
"Public wall covered with illegal advertising near a school, the same place was damaged repeatedly.",vandalism,6.0,medium,school,8,3
मूर्ति र शिल्पकला व्यापारिक क्षेत्र मा भत्किएको छ। छिटो सफा गर्नुपर्यो।,vandalism,5.5,medium,commercial,8,3
A pothole is causing buses and cars to slow down. The damaged section is making traffic slower.,pothole,7.0,high,residential,5,1
बाटोको किनारा धेरै ठाउँबाट खस्केर विद्यालय मा खतरा भएको छ। छिटो मर्मत गर्नुपर्यो।,infrastructure,8.3,critical,school,4,0
"Cross-road drain blocked on the highway after recent rain, waterlogging is slowing heavy traffic.",drainage,8.5,high,highway,1,1
"Minibuses blocking a residential driveway, residents cannot move their vehicles.",illegal_parking,5.0,medium,residential,3,3
Rati khadal dekhna garo huncha. Gadi haru lai problem bhairako cha.,pothole,3.5,low,residential,5,2
"Covered drain filled with mud after rain, water is entering nearby shops.",drainage,8.0,high,market,1,1
"Garbage bags torn open by dogs, in the business area.",domestic_trash,3.0,low,commercial,0,2
The pothole is filled with rainwater and its depth is hard to see. People are asking for the road to be repaired.,pothole,5.5,medium,school,5,3
A pothole has appeared after the recent rain. Several motorcycles are avoiding the same spot.,pothole,5.0,medium,market,5,3
"Food containers scattered near the shops, near the factory.",trash,5.0,medium,industrial,7,3
"Hospital direction sign knocked down near a school, visitors need help finding the entrance.",road_damaged_sign,4.0,low,school,6,2
"Junction sign hidden by branches near an industrial road, drivers are taking wrong turns and causing traffic.",road_damaged_sign,6.0,medium,industrial,6,3
"Mixed litter blocking the footpath, near homes.",trash,5.0,medium,residential,7,3
"Broken barrier blocking part of the road, beside the school.",infrastructure,6.5,medium,school,4,3
"Hospital access drain overflowing with sewage after recent rain, residents face a serious health risk.",drainage,9.0,critical,residential,1,0
The road is uneven because of a pothole. The road surface around the hole is also breaking.,pothole,7.5,high,hospital,5,1
A pothole has appeared after the recent rain. Rainwater is collecting in the hole.,pothole,8.5,high,school,5,1
Household rubbish blocking the pavement at the residential lane.,domestic_trash,9.0,high,residential,0,1
"Public gutter collapsed beside the road, pedestrians could fall into the opening.",drainage,9.0,critical,public,1,0
"Cross-road drain overflowing near a school since yesterday, children are walking through dirty water.",drainage,8.0,high,school,1,1
There is a broken section of road near the walking path. Several motorcycles are avoiding the same spot.,pothole,8.5,high,school,5,1
"Cargo vans parked fully on the footpath after recent rain, pedestrians are forced onto the road.",illegal_parking,7.5,high,residential,3,1
"Community drain blocked with plastic waste since yesterday, rainwater is flooding the road.",drainage,7.5,high,residential,1,1
A pothole is causing buses and cars to slow down. People are asking for the road to be repaired.,pothole,7.5,high,school,5,1
"Covered drain filled with mud after rain after recent rain, water is entering nearby shops.",drainage,8.0,high,market,1,1
"Household trash bags are scattered across the residential street after being torn open by stray dogs, beside the public access route.",domestic_trash,4.0,medium,public,0,3
"Taxis blocking a hospital entrance, ambulances are delayed.",illegal_parking,9.5,critical,hospital,3,0
फोहोर राख्ने ठाउँ नभएकोले मानिसहरूले आवासीय क्षेत्र मा नै फोहोर फाल्ने गर्छन्। मानिसहरूलाई धेरै समस्या भएको छ।,domestic_trash,6.3,high,residential,0,1
"Bridge-load sign turned toward the wrong road on a residential road, heavy vehicles may enter an unsafe bridge.",road_damaged_sign,9.5,critical,residential,6,0
"Bridge-load sign fallen into a drain in Hetauda, truck drivers cannot confirm the load limit.",road_damaged_sign,6.5,high,residential,6,1
The pothole is filled with rainwater and its depth is hard to see. Cars are moving around it to avoid the hole.,pothole,3.0,low,hospital,5,2
ढल लाइन औद्योगिक क्षेत्र मा फुटेर दुर्गन्ध आइरहेको छ। मानिसहरूलाई स्वास्थ्य खतरा भएको छ।,drainage,5.8,medium,industrial,1,3
Garbage has been left in an open place and is spreading around. People are having to walk around the garbage.,garbage,7.5,high,hospital,2,1
"Landslide warning sign covered by posters near a market, night drivers cannot see the hazard.",road_damaged_sign,9.0,critical,market,6,0
There are potholes on the street and motorcycles are struggling to pass. Drivers are starting to avoid the spot.,pothole,5.0,medium,residential,5,3
"School-zone sign cracked with a loose edge on a highway, vehicles are braking when people enter the road.",road_damaged_sign,7.5,high,highway,6,1
A broken concrete barrier has fallen partly onto the road and is creating a traffic hazard near the hospital entrance.,infrastructure,7.5,high,hospital,4,1
"Drainage completely blocked for 3 days, raw sewage overflowing onto the street, health hazard for everyone",drainage,9.5,critical,residential,1,0
"Market drain leaking near a hospital after recent rain, dirty water is crossing the entrance.",drainage,9.0,critical,hospital,1,0
Household waste has been left outside for several days. The area becomes dirty after the waste is left outside.,garbage,5.0,medium,residential,2,3
"School buses left near an industrial gate since yesterday, large vehicles have little turning space.",illegal_parking,7.0,high,industrial,3,1
"Pickup vehicles left over a zebra crossing since yesterday, pedestrians are walking into traffic.",illegal_parking,8.0,high,public,3,1
"Highway drain overflowing with sewage, residents face a serious health risk.",drainage,9.5,critical,residential,1,0
"Road divider covered with illegal advertising on a highway, the damage may worsen without repair.",vandalism,5.0,medium,highway,8,3
"Several paving blocks are loose and uneven near the school entrance, making the walkway unsafe, near the community area.",infrastructure,3.0,low,public,4,2
"Covered drain breeding mosquitoes, the area has an increased disease risk.",drainage,7.5,high,residential,1,1
Rubbish piled up beside the walkway near homes.,trash,3.5,low,residential,7,2
"Narrow-bridge sign blocked by a vendor board near a market, motorcycles are braking suddenly.",road_damaged_sign,8.5,high,market,6,1
There is waste scattered near the roadside and it needs to be collected. The collection vehicle has not come recently.,garbage,5.5,medium,market,2,3
"Public wall scraped across the surface near a school, residents have requested cleaning.",vandalism,4.5,medium,school,8,3
A pothole is getting larger after rain. It is difficult to see at night.,pothole,5.0,medium,school,5,3
दिशा सूचक बोर्ड राजमार्ग बाट हराएर चालकहरू भ्रमित भइरहेका छन्। सरकारले चाँडै हेर्नुपर्यो।,road_damaged_sign,8.5,high,highway,6,1
A section of the footpath has sunk below the surrounding surface and is difficult to walk across safely beside the school boundary.,infrastructure,4.5,medium,school,4,3
Food containers scattered near the shops at the hospital.,trash,3.5,low,hospital,7,2
"Storm-water drain giving off a strong smell, nearby residents cannot open windows.",drainage,5.0,medium,residential,1,3
"School-side drain giving off a strong smell since yesterday, nearby residents cannot open windows.",drainage,5.0,medium,residential,1,3
Household waste has been left outside for several days. It has been there since yesterday.,garbage,8.0,high,market,2,1
ट्राफिक साइन बोर्ड विद्यालय मा बाङ्गिएर देख्न गाह्रो भएको छ। नयाँ साइन राख्नुपर्यो।,road_damaged_sign,9.0,critical,school,6,0
"Public water tap damaged with permanent marker in a public area, the damage may worsen without repair.",vandalism,5.0,medium,public,8,3
"Food waste and plastic packaging are scattered around the neighborhood after garbage bags were damaged, along the neighborhood road.",domestic_trash,3.5,low,residential,0,2
"Narrow-bridge sign bent away from traffic near a market, night drivers cannot see the hazard.",road_damaged_sign,9.0,critical,market,6,0
"Health-post wall covered with spray-painted tags near an industrial road, patients cannot read the service details.",vandalism,5.5,medium,industrial,8,3
"Several bags of household rubbish are blocking part of the footpath outside a row of homes, near the main road junction.",domestic_trash,8.5,high,highway,0,1
"Hospital access drain filled with mud after rain since yesterday, water is entering nearby shops.",drainage,8.0,high,market,1,1
There is a hole near the edge of the road where motorcycles pass. Several vehicles are being affected while passing.,pothole,8.5,high,residential,5,1
"Cars parked fully on the footpath since yesterday, pedestrians are forced onto the road.",illegal_parking,7.0,high,residential,3,1
"Private cars left over a zebra crossing, pedestrians are walking into traffic.",illegal_parking,8.5,high,public,3,1
"School boundary wall left with its notice torn down near an industrial road, the school safety notice is unreadable.",vandalism,7.0,high,industrial,8,1
"Deep potholes damaging the road surface, near homes.",infrastructure,6.0,medium,residential,4,3
"Bus shelter covered with pasted flyers near a market, the markings are small but visible.",vandalism,3.0,low,market,8,2
पुलको संरचना कमजोर भएर आवासीय क्षेत्र बाट हिँड्न खतरा भएको छ। छिटो मर्मत गर्नुपर्यो।,infrastructure,6.1,high,residential,4,1
ट्राफिक साइन बोर्ड औद्योगिक क्षेत्र मा बाङ्गिएर देख्न गाह्रो भएको छ। सरकारले चाँडै हेर्नुपर्यो।,road_damaged_sign,5.4,medium,industrial,6,3
"Several paving blocks are loose and uneven near the school entrance, making the walkway unsafe, along the commercial street.",infrastructure,3.5,low,commercial,4,2
"Main sewer line giving off a strong smell, nearby residents cannot open windows.",drainage,5.0,medium,residential,1,3
"Animal-crossing sign turned toward the wrong road in a public area, drivers are not warned about livestock.",road_damaged_sign,7.5,high,public,6,1
"Food waste dumped beside the road, on the industrial road.",domestic_trash,8.5,high,industrial,0,1
"Road divider damaged with permanent marker on a highway, the public facility is unsafe to use.",vandalism,6.5,high,highway,8,1
"School boundary wall left with broken tiles near an industrial road, children can see inappropriate language.",vandalism,6.5,high,industrial,8,1
"Culvert covered by construction debris, water cannot reach the outlet.",drainage,5.5,medium,industrial,1,3
Fohor ko bag haru bato tira chhariyeko cha. Manche haru lai dherai problem bhako cha.,garbage,7.0,high,residential,2,1
Wind has scattered plastic waste and paper across the area around an overflowing public bin beside nearby shops.,trash,4.5,medium,commercial,7,3
Loose paving blocks near the entrance near the road junction.,infrastructure,2.5,low,highway,4,2
"Stop sign knocked down on a residential road, drivers are taking wrong turns and causing traffic.",road_damaged_sign,6.0,medium,residential,6,3
"Vehicles parked illegally on both sides of the narrow road, completely blocking emergency vehicle access",illegal_parking,9.0,critical,hospital,3,0
The public bin is full and people are putting bags beside it. The garbage is increasing day by day.,garbage,2.0,low,hospital,2,2
"Roadside drain blocked with plastic waste since yesterday, rainwater is flooding the road.",drainage,7.5,high,residential,1,1
"Trucks blocking a hospital entrance, ambulances are delayed.",illegal_parking,9.5,critical,hospital,3,0
"Roadside drain partly blocked by leaves since yesterday, water drains slowly during rain.",drainage,4.5,medium,public,1,3
"Community drain covered by construction debris, water cannot reach the outlet.",drainage,6.0,medium,industrial,1,3
"Roadside drain blocked with plastic waste, rainwater is flooding the road.",drainage,7.5,high,residential,1,1
"Landslide warning sign faded and unreadable near a market, drivers are approaching the hazard too quickly.",road_damaged_sign,7.5,high,market,6,1
"Park signboard badly scratched near a school, part of the public notice cannot be read.",vandalism,6.0,medium,school,8,3
"Footbridge railing covered with spray-painted tags on a residential road, the damage may worsen without repair.",vandalism,5.0,medium,residential,8,3
A broken curb has created a large gap that forces pedestrians to step closer to moving traffic near the warehouse area.,infrastructure,4.0,medium,industrial,4,3
The road has started breaking around the pothole. The damaged section is affecting normal traffic.,pothole,6.5,high,market,5,1
घरायसी फोहोर ओभरफ्लो भएर व्यापारिक क्षेत्र को फुटपाथसम्म पुगेको छ। मानिसहरूलाई धेरै समस्या भएको छ।,domestic_trash,5.7,medium,commercial,0,3
Garbage is piling up near the footpath and making it difficult to pass. The waste is making the area unpleasant.,garbage,9.0,critical,hospital,2,0
"Industrial drain blocked with plastic waste after recent rain, rainwater is flooding the road.",drainage,8.5,high,residential,1,1
There are potholes on the street and motorcycles are struggling to pass. Rainwater is collecting in the hole.,pothole,9.5,critical,market,5,0
A pothole is making the road difficult to use at night. It is on a road used by many people.,pothole,9.5,critical,school,5,0
"Mixed litter blocking the footpath, near the community area.",trash,3.5,low,public,7,2
"Sharp-bend sign blocked by a vendor board in a public area, motorcycles are braking suddenly.",road_damaged_sign,8.5,high,public,6,1
"Cars left over a zebra crossing in Kathmandu since yesterday, pedestrians are walking into traffic.",illegal_parking,7.5,high,public,3,1
"Junction sign fallen into a drain near an industrial road, vehicles are entering from conflicting directions.",road_damaged_sign,8.5,high,industrial,6,1
Plastic bottles scattered near the road at the factory.,trash,6.5,medium,industrial,7,3
"Highway drain collapsed beside the road, pedestrians could fall into the opening.",drainage,9.0,critical,public,1,0
"भित्तामा अभद्र शब्दहरू व्यापारिक क्षेत्र मा लेखिएको छ, बच्चाहरूले देख्छन्। सरकारले चाँडै हेर्नुपर्यो।",vandalism,5.6,medium,commercial,8,3
"Footpath drain blocked with plastic waste, rainwater is flooding the road.",drainage,8.5,high,residential,1,1
The road surface is broken and there is a pothole in the middle. It is on a road used by many people.,pothole,8.5,high,school,5,1
Waste is collecting near the drain and blocking the water flow. Stray animals are spreading the waste around the street.,garbage,8.0,high,hospital,2,1
सार्वजनिक पर्खाल सार्वजनिक स्थान मा तोडफोड भएको छ। सरकारले चाँडै हेर्नुपर्यो।,vandalism,3.7,low,public,8,2
"Footpath drain filled with mud after rain, water is entering nearby shops.",drainage,8.0,high,market,1,1
घरको फोहोरको बोरा अस्पताल को बाटोमा छरिएको छ। बाटो र क्षेत्र फोहोर भइरहेको छ।,domestic_trash,8.9,critical,hospital,0,0
There is waste scattered near the roadside and it needs to be collected. There are food leftovers mixed with plastic.,garbage,2.0,low,market,2,2
"Public wall badly scratched near a school, residents have requested cleaning.",vandalism,4.5,medium,school,8,3
"Bus shelter covered with illegal advertising near a market, the markings are small but visible.",vandalism,2.5,low,market,8,2
सिग्नल बोर्ड बजार मा पुरानो भएर मानिसहरूले देख्न सक्दैनन्। मानिसहरूलाई धेरै खतरा भएको छ।,road_damaged_sign,7.9,high,market,6,1
"Heritage rest house covered with political slogans near a hospital, visitors have complained about disrespect.",vandalism,6.5,high,hospital,8,1
वर्षापछि सार्वजनिक स्थान को नाला भरि पानी भरिएर बाटोमा फैलिएको छ। सरकारले चाँडै हेर्नुपर्यो।,drainage,3.0,low,public,1,2
"Cross-road drain leaking near a hospital after recent rain, dirty water is crossing the entrance.",drainage,8.0,high,hospital,1,1
Collapsed drain leaving an open gap on the highway.,infrastructure,2.5,low,highway,4,2
"Temple wall scraped across the surface on a highway, the culturally important surface is damaged.",vandalism,8.0,high,highway,8,1
"Tourist vans blocking a residential driveway, residents cannot move their vehicles.",illegal_parking,5.0,medium,residential,3,3
"Domestic waste is overflowing from a collection area and spreading into the nearby residential road, along the highway shoulder.",domestic_trash,9.0,high,highway,0,1
Wind has scattered plastic waste and paper across the area around an overflowing public bin along the commercial street.,trash,9.5,high,commercial,7,1
There are several damaged spots and potholes along the street. The damaged section is affecting normal traffic.,pothole,7.5,high,hospital,5,1
"Bus-stop sign cracked with a loose edge in a commercial area, people cannot identify the correct bus stop.",road_damaged_sign,4.0,low,commercial,6,2
"Sharp-bend sign turned toward the wrong road in Tulsipur, drivers are approaching the hazard too quickly.",road_damaged_sign,8.0,high,public,6,1
"Minibuses left over a zebra crossing, pedestrians are walking into traffic.",illegal_parking,8.5,high,public,3,1
The pothole is filled with rainwater and its depth is hard to see. Water collects inside the hole after rain.,pothole,9.5,critical,hospital,5,0
"Hospital access drain blocked on the highway since yesterday, waterlogging is slowing heavy traffic.",drainage,7.5,high,highway,1,1
"A deep hole has formed in the public walkway and is difficult to notice during low-light conditions, outside several houses.",infrastructure,9.0,high,residential,4,1
Mixed litter blocking the footpath near the warehouse.,trash,8.0,high,industrial,7,1
Rubbish piled up beside the walkway at the industrial road.,trash,3.0,low,industrial,7,2
कुकुरले घरको फोहोरको बोरा च्यातेर राजमार्ग भरि फोहोर गरेको छ। मानिसहरूलाई धेरै समस्या भएको छ।,domestic_trash,8.4,high,highway,0,1
"Public water tap covered with spray-painted tags in a public area, the public facility is unsafe to use.",vandalism,6.5,high,public,8,1
Household waste left outside homes beside the school.,domestic_trash,5.5,medium,school,0,3
"Microbuses blocking a hospital entrance after recent rain, ambulances are delayed.",illegal_parking,9.5,critical,hospital,3,0
Manche haru le open area ma fohor faliraheka chan. Bato ra area fohor bhairako cha.,garbage,7.5,high,residential,2,1
There is a broken section of road near the walking path. The edge of the road is also starting to break.,pothole,8.0,high,hospital,5,1
Food waste is scattered around because dogs are tearing the bags. The waste is close to the walking path.,garbage,6.5,high,residential,2,1
"Microbuses blocking a residential driveway in Dhangadhi, residents cannot move their vehicles.",illegal_parking,5.5,medium,residential,3,3
"Household garbage has accumulated near the entrance of several houses and is becoming difficult to manage, beside the factory service route.",domestic_trash,9.0,high,industrial,0,1
"School buses parked across a school gate in Biratnagar, children are entering through traffic.",illegal_parking,8.0,high,school,3,1
"Bus shelter left with official lettering blacked out near a market, the markings are small but visible.",vandalism,2.5,low,market,8,2
"Construction vehicles parked on both sides of a narrow road since yesterday, emergency vehicles cannot pass.",illegal_parking,9.0,critical,hospital,3,0
"Cargo vans parked along a highway shoulder since yesterday, fast traffic is swerving around them.",illegal_parking,8.0,high,highway,3,1
Plastic bags and food waste are spread around the area. The waste is visible from the nearby road.,garbage,5.0,medium,school,2,3
"Construction vehicles blocking a public bus stop after recent rain, buses are stopping in the traffic lane.",illegal_parking,6.5,high,commercial,3,1
"Cars parked on both sides of a narrow road after recent rain, emergency vehicles cannot pass.",illegal_parking,8.5,high,hospital,3,1
"Private cars blocking a residential driveway, residents cannot move their vehicles.",illegal_parking,5.0,medium,residential,3,3
People are leaving garbage beside the road instead of in the bin. The waste is making the area unpleasant.,garbage,8.0,high,market,2,1
Household waste left outside homes at the public road.,domestic_trash,3.0,low,public,0,2
The garbage bin is full and waste is falling onto the ground. Residents are asking for the waste to be picked up.,garbage,8.5,high,market,2,1
Garbage bags torn open by dogs at the residential lane.,domestic_trash,2.5,low,residential,0,2
People are leaving garbage beside the road instead of in the bin. There are food leftovers mixed with plastic.,garbage,8.5,high,hospital,2,1
"Pedestrian-crossing sign painted over near an industrial road, pedestrians cannot find the crossing point.",road_damaged_sign,6.5,high,industrial,6,1
Plastic bottles scattered near the road at the industrial road.,trash,6.0,medium,industrial,7,3
"Parking restriction sign hanging from one bolt near a hospital, parked vehicles are narrowing the road.",road_damaged_sign,6.0,medium,hospital,6,3
"Covered drain overflowing near a school after recent rain, children are walking through dirty water.",drainage,8.5,high,school,1,1
There is a hole near the edge of the road where motorcycles pass. The damaged area is noticeable to regular road users.,pothole,5.5,medium,market,5,3
"School-zone sign painted over in Bharatpur, pedestrians cannot find the crossing point.",road_damaged_sign,7.0,high,highway,6,1
A pothole is getting larger after rain. People are asking for the road to be repaired.,pothole,2.5,low,market,5,2
"Temple wall covered with political slogans on a highway, special cleaning is required.",vandalism,6.0,medium,highway,8,3
"Sharp-bend sign fallen into a drain in a public area, night drivers cannot see the hazard.",road_damaged_sign,8.5,high,public,6,1
"A large crack has developed across the concrete pavement, creating a serious trip hazard for pedestrians, beside nearby shops.",infrastructure,8.5,high,commercial,4,1
A pothole is making vehicles move to the other side of the road. Vehicles need to slow down at that point.,pothole,5.0,medium,school,5,3
"Wet household rubbish is leaking onto the pavement and creating an unhygienic area near homes, along the public walkway.",domestic_trash,6.5,medium,public,0,3
There is food waste on the street and stray dogs are spreading it. People are asking for collection soon.,garbage,5.5,medium,school,2,3
"Public water tap marked with offensive words in a public area, sharp parts are exposed beside pedestrians.",vandalism,8.5,high,public,8,1
"Health-post wall left with its notice torn down near an industrial road, visitors cannot identify the correct entrance.",vandalism,6.0,medium,industrial,8,3
"Uncollected household waste is producing a bad smell and causing complaints from nearby residents, beside the school boundary.",domestic_trash,9.5,high,school,0,1
"Roadwork sign hanging from one bolt in Dhangadhi, vehicles are entering the work area too fast.",road_damaged_sign,9.0,critical,highway,6,0
Public waste has accumulated beside the entrance and is creating an unpleasant smell for visitors near the school entrance.,trash,4.5,medium,school,7,3
"Deep potholes damaging the road surface, near the community area.",infrastructure,5.0,medium,public,4,3
"Hospital direction sign bent away from traffic near a school, patients are taking wrong turns.",road_damaged_sign,6.0,medium,school,6,3
Food waste is scattered around because dogs are tearing the bags. Dogs are opening the bags and spreading the waste.,garbage,5.0,medium,residential,2,3
The roadside drain has collapsed and left a deep open gap beside the pedestrian route beside the hospital walkway.,infrastructure,7.5,high,hospital,4,1
"Stop sign hidden by branches on a residential road, vehicles are entering from conflicting directions.",road_damaged_sign,9.0,critical,residential,6,0
The road has started breaking around the pothole. Buses are slowing down near the damaged section.,pothole,9.0,critical,market,5,0
"Open drain blocked with plastic waste after recent rain, rainwater is flooding the road.",drainage,7.5,high,residential,1,1
"Pedestrian underpass left with its notice torn down on a residential road, the same place was damaged repeatedly.",vandalism,5.5,medium,residential,8,3
"Speed-limit sign knocked down in a commercial area, motorcycles are braking near the barriers.",road_damaged_sign,8.0,high,commercial,6,1
A streetlight pole has been damaged and is leaning toward the pedestrian walkway near the main road junction.,infrastructure,8.5,high,highway,4,1
"School-side drain overflowing with sewage, residents face a serious health risk.",drainage,9.5,critical,residential,1,0
"Several paving blocks are loose and uneven near the school entrance, making the walkway unsafe, beside the factory service route.",infrastructure,6.5,medium,industrial,4,3
ढल लाइन सार्वजनिक स्थान मा फुटेर दुर्गन्ध आइरहेको छ। छिटो मर्मत गर्नुपर्यो।,drainage,3.6,low,public,1,2
"Trucks blocking a public bus stop, buses are stopping in the traffic lane.",illegal_parking,7.5,high,commercial,3,1
"Roadwork sign missing from its pole on a highway, drivers cannot confirm the speed restriction.",road_damaged_sign,6.0,medium,highway,6,3
Garbage has been left in an open place and is spreading around. Children are passing through the area every day.,garbage,7.0,high,residential,2,1
"Rental cars blocking a market loading area in Pokhara, deliveries and shoppers are delayed.",illegal_parking,6.0,medium,market,3,3
The garbage pickup has been irregular and waste is staying outside. Rain is washing some of the waste onto the road.,garbage,8.5,high,hospital,2,1
"Stop sign painted over on a residential road, vehicles are entering from conflicting directions.",road_damaged_sign,8.5,high,residential,6,1
There is a bad smell coming from the garbage near the street. Flies are gathering around the waste.,garbage,8.0,high,hospital,2,1
"Public gutter blocked with plastic waste, rainwater is flooding the road.",drainage,7.5,high,residential,1,1
"Footpath drain covered by construction debris after recent rain, water cannot reach the outlet.",drainage,5.5,medium,industrial,1,3
"Road divider covered with illegal advertising on a highway, sharp parts are exposed beside pedestrians.",vandalism,8.5,high,highway,8,1
There is a pothole on the road and vehicles have to slow down. The damaged section is making the road difficult to cross safely.,pothole,9.5,critical,school,5,0
"Broken barrier blocking part of the road, on the industrial road.",infrastructure,7.0,high,industrial,4,1
"Wet household rubbish is leaking onto the pavement and creating an unhygienic area near homes, beside the hospital walkway.",domestic_trash,4.0,medium,hospital,0,3
"Animal-crossing sign painted over in a public area, drivers are not warned about livestock.",road_damaged_sign,8.0,high,public,6,1
"Industrial drain overflowing near a school since yesterday, children are walking through dirty water.",drainage,8.5,high,school,1,1
"Loose paving blocks near the entrance, near the hospital.",infrastructure,3.5,low,hospital,4,2
Garbage bags are broken and the waste is spread across the sidewalk. Children are passing through the area every day.,garbage,9.5,critical,market,2,0
Food containers scattered near the shops on the public road.,trash,3.0,low,public,7,2
Waste is collecting near the drain and blocking the water flow. Flies are gathering around the waste.,garbage,6.5,high,residential,2,1
"Cars blocking a hospital entrance, ambulances are delayed.",illegal_parking,9.5,critical,hospital,3,0
The waste collection has not come for a few days. Rain is washing some of the waste onto the road.,garbage,2.5,low,residential,2,2
"Community hall damaged with permanent marker in a commercial area, residents have requested cleaning.",vandalism,3.5,low,commercial,8,2
There is a pile of household waste beside the road. The garbage is increasing day by day.,garbage,7.5,high,market,2,1
"Industrial drain filled with mud after rain, water is entering nearby shops.",drainage,8.0,high,market,1,1
"Health-post wall marked with offensive words near an industrial road, patients cannot read the service details.",vandalism,6.0,medium,industrial,8,3
"Park signboard covered with illegal advertising near a school, emergency contact details are blocked.",vandalism,7.0,high,school,8,1
"Loose manhole cover creating a hazard, near shops.",infrastructure,9.0,high,commercial,4,1
"Pickup vehicles left near an industrial gate, large vehicles have little turning space.",illegal_parking,6.0,medium,industrial,3,3
"Rubbish piled up beside the walkway, near homes.",trash,3.5,low,residential,7,2
"Cross-road drain partly blocked by leaves since yesterday, water drains slowly during rain.",drainage,5.0,medium,public,1,3
"Government vehicles left over a zebra crossing, pedestrians are walking into traffic.",illegal_parking,8.5,high,public,3,1
A deep hole has formed in the public walkway and is difficult to notice during low-light conditions along the industrial access road.,infrastructure,3.5,low,industrial,4,2
"Market drain blocked with plastic waste since yesterday, rainwater is flooding the road.",drainage,7.5,high,residential,1,1
"Several paving blocks are loose and uneven near the school entrance, making the walkway unsafe near the shopping area.",infrastructure,8.0,high,commercial,4,1
"Waste enclosure defaced with large drawings near a market, residents have requested cleaning.",vandalism,4.0,low,market,8,2
"Pickup vehicles blocking a residential driveway since yesterday, residents cannot move their vehicles.",illegal_parking,4.5,medium,residential,3,3
The road needs repair because of a pothole. The hole is difficult to see when filled with rainwater.,pothole,6.5,high,market,5,1
Loose domestic rubbish has been blown across the street and into the drainage area after strong wind near the shopping area.,domestic_trash,3.5,low,commercial,0,2
"Market drain collapsed beside the road after recent rain, pedestrians could fall into the opening.",drainage,9.0,critical,public,1,0
The pothole is filled with rainwater and its depth is hard to see. The road surface around it is also damaged.,pothole,7.5,high,market,5,1
"Cargo vans blocking a public bus stop, buses are stopping in the traffic lane.",illegal_parking,6.5,high,commercial,3,1
"Speed-limit sign fallen into a drain in a commercial area, vehicles are entering the work area too fast.",road_damaged_sign,9.0,critical,commercial,6,0
"Construction vehicles blocking a public bus stop in Bhaktapur, buses are stopping in the traffic lane.",illegal_parking,6.5,high,commercial,3,1
Household waste left outside homes at the highway shoulder.,domestic_trash,2.5,low,highway,0,2
The garbage bin is full and waste is falling onto the ground. People are avoiding that part of the street.,garbage,5.5,medium,residential,2,3
Food waste is scattered around because dogs are tearing the bags. The bin is too full to hold more waste.,garbage,5.5,medium,hospital,2,3
"Public gutter covered by construction debris, water cannot reach the outlet.",drainage,6.0,medium,industrial,1,3
There is waste scattered near the roadside and it needs to be collected. The waste is burning and smoke is spreading around the area.,garbage,9.0,critical,hospital,2,0
"Microbuses blocking a hospital entrance, ambulances are delayed.",illegal_parking,9.5,critical,hospital,3,0
"Park signboard covered with political slogans near a school, part of the public notice cannot be read.",vandalism,5.5,medium,school,8,3
"Community hall marked with offensive words in a commercial area, residents have requested cleaning.",vandalism,4.5,medium,commercial,8,3
Khadal ma pani bhareko le kati deep cha thaha hudaina. Yaha bata hidna garo bhako cha.,pothole,9.5,critical,school,5,0
"Main sewer line partly blocked by leaves, water drains slowly during rain.",drainage,5.0,medium,public,1,3
"Public notice board scraped across the surface in a commercial area, emergency contact details are blocked.",vandalism,8.0,high,commercial,8,1
Deep potholes damaging the road surface at the public road.,infrastructure,2.5,low,public,4,2
The garbage container is overflowing and waste is on the road. The area becomes dirty after the waste is left outside.,garbage,5.0,medium,school,2,3
"Speed-limit sign cracked with a loose edge in a commercial area, motorcycles are braking near the barriers.",road_damaged_sign,8.0,high,commercial,6,1
Garbage is lying on the street and people are walking around it. People are avoiding that part of the street.,garbage,9.5,critical,residential,2,0
"Open drain covered by construction debris, water cannot reach the outlet.",drainage,6.0,medium,industrial,1,3
Several holes are visible on the road surface. It is on a road used by many people.,pothole,9.0,critical,hospital,5,0
"School boundary wall badly scratched near an industrial road, the school safety notice is unreadable.",vandalism,6.5,high,industrial,8,1
"Market drain breeding mosquitoes, the area has an increased disease risk.",drainage,6.5,high,residential,1,1
"Residential drain collapsed beside the road after recent rain, pedestrians could fall into the opening.",drainage,8.0,high,public,1,1
"Roadside drain breeding mosquitoes since yesterday, the area has an increased disease risk.",drainage,6.5,high,residential,1,1
प्लास्टिक र कागजको फोहोर बतासले उडेर औद्योगिक क्षेत्र तिर फैलिएको छ। मानिसहरूलाई धेरै समस्या भएको छ।,trash,3.8,medium,industrial,7,3
"Health-post wall left with broken tiles near an industrial road, emergency information is partly blocked.",vandalism,7.0,high,industrial,8,1
"Pedestrian-crossing sign covered by posters in Butwal, children are crossing without warning.",road_damaged_sign,8.5,high,industrial,6,1
"School-side drain blocked on the highway since yesterday, waterlogging is slowing heavy traffic.",drainage,8.5,high,highway,1,1
"Garbage bags containing food waste have been left open, attracting dogs and spreading rubbish across the street beside the factory service route.",domestic_trash,3.5,low,industrial,0,2
"Public toilet left with its notice torn down in a public area, the markings are small but visible.",vandalism,3.0,low,public,8,2
There is a pile of household waste beside the road. Residents are asking for the waste to be picked up.,garbage,8.5,high,residential,2,1
A large pile of rubbish has been left beside the roadside near a frequently used pedestrian route beside the highway access route.,trash,5.0,medium,highway,7,3
"Hospital access drain collapsed beside the road since yesterday, pedestrians could fall into the opening.",drainage,8.5,high,public,1,1
"Microbuses blocking a hospital entrance since yesterday, ambulances are delayed.",illegal_parking,9.5,critical,hospital,3,0
"Market drain filled with mud after rain after recent rain, water is entering nearby shops.",drainage,7.0,high,market,1,1
Rati khadal dekhna garo huncha. Yaha bata hidna garo bhako cha.,pothole,9.5,critical,hospital,5,0
"Community hall damaged with permanent marker in a commercial area, the same place was damaged repeatedly.",vandalism,5.5,medium,commercial,8,3
There is a hole on the street that drivers are trying to avoid. The damaged section is making traffic slower.,pothole,8.0,high,market,5,1
"Highway drain overflowing with sewage after recent rain, residents face a serious health risk.",drainage,9.5,critical,residential,1,0
A pothole is making vehicles move to the other side of the road. The road surface around it is also damaged.,pothole,2.5,low,hospital,5,2
The roadside drain has collapsed and left a deep open gap beside the pedestrian route near the main road junction.,infrastructure,4.5,medium,highway,4,3
"Storm-water drain collapsed beside the road, pedestrians could fall into the opening.",drainage,8.0,high,public,1,1
A pothole is causing buses and cars to slow down. Several motorcycles are avoiding the same spot.,pothole,7.0,high,market,5,1
"Hospital access drain blocked on the highway after recent rain, waterlogging is slowing heavy traffic.",drainage,7.5,high,highway,1,1
"Community drain leaking near a hospital since yesterday, dirty water is crossing the entrance.",drainage,9.0,critical,hospital,1,0
"Highway drain leaking near a hospital, dirty water is crossing the entrance.",drainage,9.0,critical,hospital,1,0
Public bin overflowing onto the pavement near the warehouse.,trash,3.0,low,industrial,7,2
The pothole is filled with rainwater and its depth is hard to see. It is causing vehicles to shake while crossing.,pothole,5.5,medium,hospital,5,3
"Cracked pavement creating a trip hazard, at the hospital entrance.",infrastructure,7.0,high,hospital,4,1
"Cargo vans parked fully on the footpath, pedestrians are forced onto the road.",illegal_parking,7.5,high,residential,3,1
"One-way sign hanging from one bolt near a school, drivers are taking wrong turns and causing traffic.",road_damaged_sign,6.5,high,school,6,1
Mixed litter blocking the footpath at shops.,trash,8.0,high,commercial,7,1
"Rental cars left beside a no-parking sign, traffic is moving slowly.",illegal_parking,5.5,medium,commercial,3,3
Bato bigrera manche haru lai hidna pani garo bhako cha. Repair garnu paryo.,pothole,6.5,high,residential,5,1
"A damaged retaining wall is showing visible cracks and appears unstable beside the access road, along the highway shoulder.",infrastructure,9.5,high,highway,4,1
"Tourist vans blocking a hospital entrance in Hetauda, ambulances are delayed.",illegal_parking,9.5,critical,hospital,3,0
"Cars parked on both sides of a narrow road since yesterday, emergency vehicles cannot pass.",illegal_parking,8.5,high,hospital,3,1
Uncollected kitchen waste is piling up outside several homes and creating a strong unpleasant smell beside nearby shops.,domestic_trash,3.5,low,commercial,0,2
Garbage has been left in an open place and is spreading around. Only a small amount of waste is there.,garbage,2.5,low,market,2,2
Kukur le fohor ko bag chyatera bato bharि fohor gareko cha. Please collect it soon.,garbage,7.0,high,residential,2,1
"Tourist vans parked at a busy junction after recent rain, drivers cannot see approaching vehicles.",illegal_parking,8.0,high,market,3,1
"Rental cars parked across a school gate, children are entering through traffic.",illegal_parking,8.0,high,school,3,1
"Taxis parked fully on the footpath in Janakpur since yesterday, pedestrians are forced onto the road.",illegal_parking,8.0,high,residential,3,1
The pothole is filled with rainwater and its depth is hard to see. Motorcycles are at risk of losing balance near the hole.,pothole,7.5,high,school,5,1
Plastic bags and food waste are spread around the area. The smell is noticeable around the area.,garbage,9.0,critical,hospital,2,0
"Cross-road drain giving off a strong smell since yesterday, nearby residents cannot open windows.",drainage,5.0,medium,residential,1,3
"Cross-road drain breeding mosquitoes since yesterday, the area has an increased disease risk.",drainage,7.0,high,residential,1,1
"Trucks blocking a hospital entrance after recent rain, ambulances are delayed.",illegal_parking,9.5,critical,hospital,3,0
Household waste has been left outside for several days. The waste is spreading after people pass by.,garbage,3.5,low,hospital,2,2
"Heritage rest house badly scratched near a hospital, visitors have complained about disrespect.",vandalism,7.0,high,hospital,8,1
"Covered drain partly blocked by leaves since yesterday, water drains slowly during rain.",drainage,4.0,low,public,1,2
"Roadside drain overflowing with sewage after recent rain, residents face a serious health risk.",drainage,9.5,critical,residential,1,0
"Public rubbish has been left beside the community walkway and is affecting normal pedestrian access, along the hospital access road.",trash,9.5,high,hospital,7,1
There is a broken section of road near the walking path. Rainwater is collecting in the hole.,pothole,7.5,high,school,5,1
The waste area is attracting flies and has a strong smell. The waste is close to the walking path.,garbage,9.5,critical,residential,2,0
An overflowing public bin has caused plastic bottles and food containers to spill onto the pavement near the shopping area.,trash,7.5,high,commercial,7,1
घरघरबाट आएको फोहोर सार्वजनिक स्थान को ढलसम्म पुगेको छ। बाटो र क्षेत्र फोहोर भइरहेको छ।,domestic_trash,5.2,low,public,0,2
"Highway drain giving off a strong smell, nearby residents cannot open windows.",drainage,6.0,medium,residential,1,3
A pothole is getting larger after rain. The broken area is getting wider.,pothole,5.0,medium,hospital,5,3
People are leaving garbage beside the road instead of in the bin. The smell is noticeable around the area.,garbage,7.5,high,hospital,2,1
A deep hole has formed in the public walkway and is difficult to notice during low-light conditions near the warehouse area.,infrastructure,4.5,medium,industrial,4,3
फोहोरको बोरा च्यातिएर राजमार्ग को बाटोभरि छरिएको छ। बाटो र क्षेत्र फोहोर भइरहेको छ।,trash,7.6,high,highway,7,1
"School buses left near an industrial gate in Biratnagar, large vehicles have little turning space.",illegal_parking,7.0,high,industrial,3,1
The garbage pickup has been irregular and waste is staying outside. Dogs are opening the bags and spreading the waste.,garbage,5.0,medium,school,2,3
"School-zone sign hidden by branches on a highway, vehicles are braking when people enter the road.",road_damaged_sign,8.0,high,highway,6,1
"Motorcycles left near an industrial gate since yesterday, large vehicles have little turning space.",illegal_parking,6.0,medium,industrial,3,3
Trash bags scattered on the street beside the hospital.,domestic_trash,9.5,high,hospital,0,1
घरघरबाट आएको फोहोर औद्योगिक क्षेत्र को ढलसम्म पुगेको छ। बाटो र क्षेत्र फोहोर भइरहेको छ।,domestic_trash,4.9,medium,industrial,0,3
"Public gutter leaking near a hospital since yesterday, dirty water is crossing the entrance.",drainage,9.0,critical,hospital,1,0
"Parking restriction sign hidden by branches near a hospital, parked cars are blocking junction visibility.",road_damaged_sign,8.5,high,hospital,6,1
Food waste dumped beside the road in the business area.,domestic_trash,5.0,medium,commercial,0,3
"Trucks left over a zebra crossing since yesterday, pedestrians are walking into traffic.",illegal_parking,7.5,high,public,3,1
The road is uneven because of a pothole. The problem is becoming more noticeable each day.,pothole,7.0,high,hospital,5,1
"Public wall left with broken tiles near a school, residents have requested cleaning.",vandalism,3.5,low,school,8,2
"Several sections of the road edge have collapsed, leaving an unsafe drop beside the main route beside the highway access route.",infrastructure,9.0,high,highway,4,1
Plastic bottles scattered near the road at houses.,trash,4.5,medium,residential,7,3
The road is uneven because of a pothole. It has been there for a few days.,pothole,5.5,medium,residential,5,3
Plastic bags and disposable containers are scattered around the school boundary after the bin overflowed near the hospital entrance.,trash,3.5,low,hospital,7,2
"Covered drain filled with mud after rain since yesterday, water is entering nearby shops.",drainage,8.0,high,market,1,1
"Parking restriction sign covered by posters in Dharan, parked vehicles are narrowing the road.",road_damaged_sign,7.0,high,hospital,6,1
"Bridge-load sign bent away from traffic in Hetauda, heavy vehicles may enter an unsafe bridge.",road_damaged_sign,9.5,critical,residential,6,0
"Park signboard covered with spray-painted tags near a school, visitors are using the wrong entrance.",vandalism,7.0,high,school,8,1
"Landslide warning sign turned toward the wrong road near a market, drivers are approaching the hazard too quickly.",road_damaged_sign,7.0,high,market,6,1
A pothole is making vehicles move to the other side of the road. It becomes harder to see when it rains.,pothole,9.5,critical,residential,5,0
The road has started breaking around the pothole. It is difficult to see at night.,pothole,5.5,medium,hospital,5,3
"Highway drain blocked with plastic waste since yesterday, rainwater is flooding the road.",drainage,7.5,high,residential,1,1
"Private cars blocking a residential driveway since yesterday, residents cannot move their vehicles.",illegal_parking,5.0,medium,residential,3,3
A streetlight pole has been damaged and is leaning toward the pedestrian walkway outside several houses.,infrastructure,6.5,medium,residential,4,3
ट्राफिक साइन बोर्ड व्यापारिक क्षेत्र मा बाङ्गिएर देख्न गाह्रो भएको छ। सरकारले चाँडै हेर्नुपर्यो।,road_damaged_sign,6.1,medium,commercial,6,3
"Cracked pavement creating a trip hazard, outside houses.",infrastructure,2.5,low,residential,4,2
"A streetlight pole has been damaged and is leaning toward the pedestrian walkway, near the shopping area.",infrastructure,9.0,high,commercial,4,1
There is a pothole on the road and vehicles have to slow down. People are asking for the road to be repaired.,pothole,5.5,medium,school,5,3
"Buses parked fully on the footpath after recent rain, pedestrians are forced onto the road.",illegal_parking,7.5,high,residential,3,1
Garbage bags torn open by dogs near homes.,domestic_trash,3.0,low,residential,0,2
"Highway drain filled with mud after rain after recent rain, water is entering nearby shops.",drainage,7.0,high,market,1,1
"Parking restriction sign turned toward the wrong road in Dharan, parked cars are blocking junction visibility.",road_damaged_sign,7.5,high,hospital,6,1
"Tourist vans parked at a busy junction since yesterday, drivers cannot see approaching vehicles.",illegal_parking,8.0,high,market,3,1
Public bin overflowing onto the pavement on the public walkway.,trash,7.0,high,public,7,1
"Delivery vans parked on both sides of a narrow road, emergency vehicles cannot pass.",illegal_parking,8.5,high,hospital,3,1
"Bus-stop sign painted over in Biratnagar, passengers are stepping into moving traffic.",road_damaged_sign,7.0,high,commercial,6,1
A hole in the road is causing vehicles to shake while passing. Water collects inside the hole after rain.,pothole,9.5,critical,market,5,0
The public bin is full and people are putting bags beside it. Flies are gathering around the waste.,garbage,9.0,critical,market,2,0
"Footpath drain filled with mud after rain since yesterday, water is entering nearby shops.",drainage,8.0,high,market,1,1
"Bus shelter left with broken tiles near a market, the markings are small but visible.",vandalism,3.5,low,market,8,2
Public bin overflowing onto the pavement near the community area.,trash,6.5,medium,public,7,3
There is waste scattered near the roadside and it needs to be collected. Rain is washing some of the waste onto the road.,garbage,9.5,critical,hospital,2,0
"Uncollected household waste is producing a bad smell and causing complaints from nearby residents, beside the public access route.",domestic_trash,5.5,medium,public,0,3
"Junction sign missing from its pole near an industrial road, traffic slows while drivers confirm the route.",road_damaged_sign,3.5,low,industrial,6,2
Food waste dumped beside the road at in the business area.,domestic_trash,5.0,medium,commercial,0,3
"Microbuses blocking a public bus stop, buses are stopping in the traffic lane.",illegal_parking,7.5,high,commercial,3,1
Public bin overflowing onto the pavement at the hospital entrance.,trash,4.0,medium,hospital,7,3
Garbage is collecting near houses and the smell is getting worse. The area becomes dirty after the waste is left outside.,garbage,8.0,high,market,2,1
The highway shoulder is badly damaged and contains loose concrete pieces that could affect traffic.,infrastructure,7.0,high,hospital,4,1
"Microbuses left over a zebra crossing since yesterday, pedestrians are walking into traffic.",illegal_parking,7.5,high,public,3,1
Public rubbish has been left beside the community walkway and is affecting normal pedestrian access near the hospital entrance.,trash,8.0,high,hospital,7,1
"Parking restriction sign covered by posters near a hospital, parked cars are blocking junction visibility.",road_damaged_sign,8.5,high,hospital,6,1
Broken barrier blocking part of the road on the public road.,infrastructure,7.0,high,public,4,1
"Bus-stop sign bent away from traffic in Biratnagar, people cannot identify the correct bus stop.",road_damaged_sign,5.0,medium,commercial,6,3
"Stop sign painted over on a residential road, drivers are taking wrong turns and causing traffic.",road_damaged_sign,6.0,medium,residential,6,3
The road surface has broken away and left a hole. The damaged section is making traffic slower.,pothole,8.0,high,residential,5,1
"Residential drain covered by construction debris, water cannot reach the outlet.",drainage,6.5,high,industrial,1,1
दिशा सूचक बोर्ड बजार बाट हराएर चालकहरू भ्रमित भइरहेका छन्। सरकारले चाँडै हेर्नुपर्यो।,road_damaged_sign,6.6,high,market,6,1
Discarded household waste is scattered around the neighborhood and creating a visible sanitation problem beside nearby shops.,domestic_trash,4.0,medium,commercial,0,3
Garbage bags torn open by dogs near the road junction.,domestic_trash,3.5,low,highway,0,2
कुकुरले घरको फोहोरको बोरा च्यातेर आवासीय क्षेत्र भरि फोहोर गरेको छ। मानिसहरूलाई धेरै समस्या भएको छ।,domestic_trash,6.5,high,residential,0,1
"Private cars blocking a market loading area since yesterday, deliveries and shoppers are delayed.",illegal_parking,5.5,medium,market,3,3
"Discarded bottles and takeaway containers are blocking part of the pedestrian path, beside the highway access route.",trash,5.5,medium,highway,7,3
"Public water tap left with official lettering blacked out in a public area, the public facility is unsafe to use.",vandalism,7.0,high,public,8,1
"Household rubbish blocking the pavement, outside houses.",domestic_trash,3.0,low,residential,0,2
"One-way sign bent away from traffic near a school, drivers are taking wrong turns and causing traffic.",road_damaged_sign,6.5,high,school,6,1
"Park signboard marked with offensive words near a school, part of the public notice cannot be read.",vandalism,5.5,medium,school,8,3
"Footbridge railing left with broken tiles on a residential road, the public facility is unsafe to use.",vandalism,7.5,high,residential,8,1
"Several paving blocks are loose and uneven near the school entrance, making the walkway unsafe along the neighborhood road.",infrastructure,7.0,high,residential,4,1
"Deep pothole on the main road near the hospital, caused 3 accidents this week, very dangerous for ambulances",pothole,9.5,critical,hospital,5,0
There is food waste on the street and stray dogs are spreading it. Some bags have been torn open.,garbage,3.5,low,market,2,2
"Storm-water drain blocked with plastic waste after recent rain, rainwater is flooding the road.",drainage,8.0,high,residential,1,1
"Temple wall covered with spray-painted tags on a highway, special cleaning is required.",vandalism,7.0,high,highway,8,1
"Community hall defaced with large drawings in a commercial area, the markings are small but visible.",vandalism,3.0,low,commercial,8,2
"Taxis blocking a public bus stop, buses are stopping in the traffic lane.",illegal_parking,7.0,high,commercial,3,1
Broken barrier blocking part of the road in the business area.,infrastructure,9.5,high,commercial,4,1
"Parking restriction sign fallen into a drain in Dharan, parked cars are blocking junction visibility.",road_damaged_sign,8.5,high,hospital,6,1
"Bus-stop sign hidden by branches in Biratnagar, passengers are stepping into moving traffic.",road_damaged_sign,7.5,high,commercial,6,1
Bato bigreko cha ra pothole ma pani jamcha. Gadi haru lai problem bhairako cha.,pothole,2.5,low,hospital,5,2
"Animal-crossing sign covered by posters in Birgunj, visitors cannot identify the crossing area.",road_damaged_sign,4.5,medium,public,6,3
"Park signboard defaced with large drawings near a school, emergency contact details are blocked.",vandalism,8.0,high,school,8,1
"Bato ko surface futeko cha, gadi hallaera jancha. Yaha bata hidna garo bhako cha.",pothole,7.0,high,residential,5,1
"Cargo vans left over a zebra crossing since yesterday, pedestrians are walking into traffic.",illegal_parking,8.0,high,public,3,1
Rati khadal dekhna garo huncha. Repair garnu paryo.,pothole,2.5,low,hospital,5,2
"Covered drain covered by construction debris after recent rain, water cannot reach the outlet.",drainage,5.5,medium,industrial,1,3
A pothole is causing buses and cars to slow down. It becomes harder to see when it rains.,pothole,9.0,critical,hospital,5,0
Wet household rubbish is leaking onto the pavement and creating an unhygienic area near homes near the warehouse area.,domestic_trash,3.5,low,industrial,0,2
Rubbish piled up beside the walkway in the business area.,trash,6.5,medium,commercial,7,3
"Several households have placed overflowing rubbish bags along the roadside, narrowing the pedestrian path, near the hospital entrance.",domestic_trash,6.0,medium,hospital,0,3
"Health-post wall covered with illegal advertising near an industrial road, patients cannot read the service details.",vandalism,6.0,medium,industrial,8,3
Public waste has accumulated beside the entrance and is creating an unpleasant smell for visitors beside the hospital walkway.,trash,5.0,medium,hospital,7,3
"Collapsed drain leaving an open gap, at the hospital entrance.",infrastructure,3.5,low,hospital,4,2
The street is dirty because garbage has not been collected. The smell is starting to bother people nearby.,garbage,5.0,medium,residential,2,3
"Several sections of the road edge have collapsed, leaving an unsafe drop beside the main route along the neighborhood road.",infrastructure,5.0,medium,residential,4,3
"Hospital access drain blocked with plastic waste, rainwater is flooding the road.",drainage,8.5,high,residential,1,1
नाला व्यापारिक क्षेत्र मा प्लास्टिकले अवरुद्ध भएर पानी ओभरफ्लो भइरहेको छ। नाला सफा गर्नुपर्यो।,drainage,5.1,medium,commercial,1,3
A hole has formed in the road and it is difficult for vehicles to pass. The hole is making the road uncomfortable to use.,pothole,3.0,low,hospital,5,2
Plastic bags and food waste are spread around the area. It has been there for several days.,garbage,7.0,high,hospital,2,1
"Pickup vehicles left beside a no-parking sign since yesterday, traffic is moving slowly.",illegal_parking,6.0,medium,commercial,3,3
नो पार्किङ जोनमा पनि विद्यालय मा गाडीहरू पार्किङ गरेका छन्। मानिसहरूलाई धेरै समस्या भएको छ।,illegal_parking,7.5,critical,school,3,0
"Main sewer line breeding mosquitoes, the area has an increased disease risk.",drainage,7.0,high,residential,1,1
"Community drain breeding mosquitoes since yesterday, the area has an increased disease risk.",drainage,6.5,high,residential,1,1
"स्टप साइन बजार को चोकमा ढलेको छ, गाडीहरू रोकिँदैनन्। नयाँ साइन राख्नुपर्यो।",road_damaged_sign,7.0,high,market,6,1
"Temple wall left with broken tiles on a highway, the culturally important surface is damaged.",vandalism,8.5,high,highway,8,1
"Pedestrian underpass left with broken tiles on a residential road, the markings are small but visible.",vandalism,2.5,low,residential,8,2
"Public wall badly scratched near a school, the same place was damaged repeatedly.",vandalism,6.5,high,school,8,1
"Plastic bottles scattered near the road, on the residential lane.",trash,8.5,high,residential,7,1
There is food waste on the street and stray dogs are spreading it. People are avoiding that part of the street.,garbage,8.5,high,residential,2,1
"Several sections of the road edge have collapsed, leaving an unsafe drop beside the main route.",infrastructure,3.5,low,residential,4,2
"Pickup vehicles blocking a market loading area since yesterday, deliveries and shoppers are delayed.",illegal_parking,6.5,high,market,3,1
"Highway drain blocked with plastic waste, rainwater is flooding the road.",drainage,7.5,high,residential,1,1
"Wet household rubbish is leaking onto the pavement and creating an unhygienic area near homes, along the commercial street.",domestic_trash,6.0,medium,commercial,0,3
Khana ko fohor ra plastic bato ma chhariyeko cha. Manche haru lai dherai problem bhako cha.,garbage,6.5,high,school,2,1
"Buses blocking a hospital entrance in Bharatpur after recent rain, ambulances are delayed.",illegal_parking,9.0,critical,hospital,3,0
"Roadwork sign faded and unreadable on a highway, drivers cannot confirm the speed restriction.",road_damaged_sign,5.5,medium,highway,6,3
The garbage bin is full and waste is falling onto the ground. There is no blockage around the waste.,garbage,2.0,low,hospital,2,2
"भित्तामा अभद्र शब्दहरू सार्वजनिक स्थान मा लेखिएको छ, बच्चाहरूले देख्छन्। छिटो सफा गर्नुपर्यो।",vandalism,3.4,low,public,8,2
"Stop sign faded and unreadable in Kathmandu, drivers are taking wrong turns and causing traffic.",road_damaged_sign,6.0,medium,residential,6,3
पुलको संरचना कमजोर भएर राजमार्ग बाट हिँड्न खतरा भएको छ। मर्मत सम्भार आवश्यक छ।,infrastructure,8.0,high,highway,4,1
"Roadside drain partly blocked by leaves, water drains slowly during rain.",drainage,4.5,medium,public,1,3
"Garbage bin full bhayo, fohor bahira jhariraheko cha. Yesto fohor uthauna paryo.",garbage,5.0,medium,hospital,2,3
"Collapsed drain leaving an open gap, near the school.",infrastructure,9.5,high,school,4,1
A broken curb has created a large gap that forces pedestrians to step closer to moving traffic.,infrastructure,6.5,medium,hospital,4,3
"Roadwork sign painted over on a highway, vehicles are entering the work area too fast.",road_damaged_sign,8.0,high,highway,6,1
"Pickup vehicles parked at a busy junction since yesterday, drivers cannot see approaching vehicles.",illegal_parking,9.0,critical,market,3,0
A damaged retaining wall is showing visible cracks and appears unstable beside the access road near nearby homes.,infrastructure,3.5,low,residential,4,2
"Food waste and plastic packaging are scattered around the neighborhood after garbage bags were damaged, beside the factory service route.",domestic_trash,9.0,high,industrial,0,1
There is a pothole where water collects after rain. The broken area is getting wider.,pothole,8.0,high,hospital,5,1
"Public notice board covered with illegal advertising in a commercial area, emergency contact details are blocked.",vandalism,7.5,high,commercial,8,1
"Small crack in the road, not deep, no immediate danger to vehicles",pothole,2.5,low,residential,5,2
The road has a large uneven section caused by a pothole. The hole is creating a serious risk for people using the road.,pothole,9.0,critical,hospital,5,0
ट्राफिक साइन बोर्ड राजमार्ग मा बाङ्गिएर देख्न गाह्रो भएको छ। सरकारले चाँडै हेर्नुपर्यो।,road_damaged_sign,7.1,high,highway,6,1
Plastic bottles scattered near the road near the community area.,trash,2.5,low,public,7,2
There are several damaged spots and potholes along the street. Vehicles are swerving to avoid the hole.,pothole,8.5,high,school,5,1
"Roadwork sign covered by posters on a highway, motorcycles are braking near the barriers.",road_damaged_sign,8.0,high,highway,6,1
"A damaged retaining wall is showing visible cracks and appears unstable beside the access road, beside the hospital walkway.",infrastructure,5.5,medium,hospital,4,3
"No-entry sign faded and unreadable near a hospital, vehicles are entering from conflicting directions.",road_damaged_sign,9.5,critical,hospital,6,0
"A damaged retaining wall is showing visible cracks and appears unstable beside the access road, beside the highway access route.",infrastructure,9.5,high,highway,4,1
Rubbish piled up beside the walkway at the school entrance.,trash,5.0,medium,school,7,3
"A large crack has developed across the concrete pavement, creating a serious trip hazard for pedestrians along the public walkway.",infrastructure,6.0,medium,public,4,3
Garbage is collecting near houses and the smell is getting worse. Stray animals are spreading the waste around the street.,garbage,8.5,high,market,2,1
"Market drain blocked on the highway, waterlogging is slowing heavy traffic.",drainage,8.0,high,highway,1,1
"Road divider defaced with large drawings on a highway, the public facility is unsafe to use.",vandalism,7.0,high,highway,8,1
There is a pothole on the road and vehicles have to slow down. Drivers can see it clearly during the day.,pothole,2.0,low,residential,5,2
"Footbridge railing covered with pasted flyers on a residential road, sharp parts are exposed beside pedestrians.",vandalism,8.5,high,residential,8,1
Loose litter is spreading around an overflowing bin and making the public area difficult to keep clean along the hospital access road.,trash,7.0,high,hospital,7,1
"Delivery vans parked fully on the footpath, pedestrians are forced onto the road.",illegal_parking,7.0,high,residential,3,1
"Tourist vans blocking a public bus stop, buses are stopping in the traffic lane.",illegal_parking,7.0,high,commercial,3,1
"Food waste and plastic packaging are scattered around the neighborhood after garbage bags were damaged, beside the highway access route.",domestic_trash,3.5,low,highway,0,2
"Pickup vehicles parked along a highway shoulder, fast traffic is swerving around them.",illegal_parking,8.0,high,highway,3,1
"Large pothole on the highway causing cars to swerve dangerously, multiple tire bursts reported",pothole,8.5,high,residential,5,1
The street is dirty because garbage has not been collected. The smell is noticeable around the area.,garbage,9.0,critical,school,2,0
There is a pothole on the road and vehicles have to slow down. Drivers have to brake suddenly when they notice it.,pothole,5.0,medium,residential,5,3
"Speed-limit sign faded and unreadable in a commercial area, vehicles are entering the work area too fast.",road_damaged_sign,8.5,high,commercial,6,1
Plastic bags and disposable containers are scattered around the school boundary after the bin overflowed beside the public access route.,trash,9.0,high,public,7,1
"Heritage rest house left with broken tiles near a hospital, special cleaning is required.",vandalism,7.0,high,hospital,8,1
"Mixed litter blocking the footpath, at the hospital entrance.",trash,7.5,high,hospital,7,1
"पानी जम्मा भएर आवासीय क्षेत्र को बाटो डुब्न थाल्यो, गाडीहरू अड्किएका छन्। मानिसहरूलाई स्वास्थ्य खतरा भएको छ।",drainage,5.6,high,residential,1,1
Trash bags scattered on the street on the market street.,domestic_trash,8.5,high,commercial,0,1
"Bus shelter marked with offensive words near a market, the markings are small but visible.",vandalism,2.5,low,market,8,2
"Bus shelter defaced with large drawings near a market, the markings are small but visible.",vandalism,3.5,low,market,8,2
"School boundary wall defaced with large drawings near an industrial road, children can see inappropriate language.",vandalism,6.5,high,industrial,8,1
"Yaha fohor dherai jamma bhako cha, uthauna paryo. Bato ra area fohor bhairako cha.",garbage,6.5,high,hospital,2,1
Rubbish has been dumped near the hospital access road and is obstructing part of the walkway along the commercial street.,trash,5.5,medium,commercial,7,3
"Trash bags scattered on the street, at the hospital entrance.",domestic_trash,7.5,high,hospital,0,1
"Park signboard marked with offensive words near a school, emergency contact details are blocked.",vandalism,7.0,high,school,8,1
"Taxis left over a zebra crossing after recent rain, pedestrians are walking into traffic.",illegal_parking,8.5,high,public,3,1
"Main sewer line damaged near a commercial area since yesterday, wastewater is spreading on the footpath.",drainage,6.5,high,commercial,1,1
Deep potholes damaging the road surface at homes.,infrastructure,2.5,low,residential,4,2
There are potholes on the street and motorcycles are struggling to pass. The broken area is getting wider.,pothole,9.5,critical,school,5,0
There are several damaged spots and potholes along the street. Drivers have to brake suddenly when they notice it.,pothole,7.0,high,school,5,1
The waste collection has not come for a few days. The collection vehicle has not come recently.,garbage,3.5,low,hospital,2,2
"Several paving blocks are loose and uneven near the school entrance, making the walkway unsafe along the highway shoulder.",infrastructure,4.0,medium,highway,4,3
The garbage bin is full and waste is falling onto the ground. The garbage is blocking access through the area.,garbage,9.0,critical,market,2,0
"School buses blocking a hospital entrance since yesterday, ambulances are delayed.",illegal_parking,9.5,critical,hospital,3,0
"Garbage bin full bhayo, fohor bahira jhariraheko cha. Please collect it soon.",garbage,8.0,high,hospital,2,1
"Motorcycles parked across a school gate, children are entering through traffic.",illegal_parking,8.5,high,school,3,1
People are throwing waste in the open area and the pile is getting bigger. The area can be cleaned during the normal collection.,garbage,3.0,low,residential,2,2
"Public water tap covered with spray-painted tags in a public area, sharp parts are exposed beside pedestrians.",vandalism,8.0,high,public,8,1
"Market drain damaged near a commercial area since yesterday, wastewater is spreading on the footpath.",drainage,7.5,high,commercial,1,1
"Footpath drain blocked with plastic waste since yesterday, rainwater is flooding the road.",drainage,8.5,high,residential,1,1
"Waste enclosure covered with illegal advertising near a market, the same place was damaged repeatedly.",vandalism,6.5,high,market,8,1
"Government vehicles parked along a highway shoulder, fast traffic is swerving around them.",illegal_parking,8.5,high,highway,3,1
"Cars left over a zebra crossing, pedestrians are walking into traffic.",illegal_parking,7.5,high,public,3,1
A damaged retaining wall is showing visible cracks and appears unstable beside the access road along the commercial street.,infrastructure,6.5,medium,commercial,4,3
A pothole is making vehicles move to the other side of the road. It is on a road used by many people.,pothole,3.5,low,residential,5,2
"Government vehicles blocking a market loading area, deliveries and shoppers are delayed.",illegal_parking,5.5,medium,market,3,3
"Parking restriction sign bent away from traffic near a hospital, drivers cannot identify the restricted section.",road_damaged_sign,4.5,medium,hospital,6,3
"School boundary wall covered with illegal advertising near an industrial road, damage is visible from the school gate.",vandalism,6.0,medium,industrial,8,3
People are throwing waste in the open area and the pile is getting bigger. The waste is visible from the nearby road.,garbage,3.0,low,hospital,2,2
"स्टप साइन व्यापारिक क्षेत्र को चोकमा ढलेको छ, गाडीहरू रोकिँदैनन्। छिटो मर्मत गर्नुपर्यो।",road_damaged_sign,5.5,medium,commercial,6,3
"Construction vehicles parked on both sides of a narrow road after recent rain, emergency vehicles cannot pass.",illegal_parking,9.0,critical,hospital,3,0
"Waste enclosure covered with pasted flyers near a market, residents have requested cleaning.",vandalism,3.5,low,market,8,2
A hole in the road is causing vehicles to shake while passing. Buses are slowing down near the damaged section.,pothole,7.0,high,residential,5,1
"Main sewer line covered by construction debris since yesterday, water cannot reach the outlet.",drainage,6.5,high,industrial,1,1
"Roadwork sign blocked by a vendor board on a highway, vehicles are entering the work area too fast.",road_damaged_sign,9.0,critical,highway,6,0
The garbage container is overflowing and waste is on the road. Flies are gathering around the waste.,garbage,8.5,high,market,2,1
घरको फोहोरको बोरा सार्वजनिक स्थान को बाटोमा छरिएको छ। छिटो फोहोर उठाइदिनुपर्यो।,domestic_trash,6.0,low,public,0,2
A streetlight pole has been damaged and is leaning toward the pedestrian walkway along the neighborhood road.,infrastructure,5.0,medium,residential,4,3
"Covered drain overflowing near a school, children are walking through dirty water.",drainage,8.5,high,school,1,1
"School-side drain covered by construction debris after recent rain, water cannot reach the outlet.",drainage,6.5,high,industrial,1,1
"Very small pothole on the residential street, barely noticeable, just needs minor repair",pothole,3.5,low,residential,5,2
There are potholes on the street and motorcycles are struggling to pass. The damaged section is making the road difficult to cross safely.,pothole,9.5,critical,school,5,0
People are throwing waste in the open area and the pile is getting bigger. The smell is noticeable around the area.,garbage,6.5,high,market,2,1
"School-zone sign turned toward the wrong road on a highway, pedestrians cannot find the crossing point.",road_damaged_sign,6.5,high,highway,6,1
"Cargo vans parked across a school gate after recent rain, children are entering through traffic.",illegal_parking,8.5,high,school,3,1
Waste is blocking part of the footpath. Some bags have been torn open.,garbage,8.5,high,residential,2,1
"Waste enclosure badly scratched near a market, the markings are small but visible.",vandalism,2.5,low,market,8,2
"Buses left beside a no-parking sign, traffic is moving slowly.",illegal_parking,6.0,medium,commercial,3,3
"Trucks parked fully on the footpath, pedestrians are forced onto the road.",illegal_parking,7.0,high,residential,3,1
"Public toilet scraped across the surface in a public area, the markings are small but visible.",vandalism,2.5,low,public,8,2
"Several bags of household rubbish are blocking part of the footpath outside a row of homes, near the warehouse area.",domestic_trash,4.0,medium,industrial,0,3
"Landslide warning sign blocked by a vendor board near a market, night drivers cannot see the hazard.",road_damaged_sign,8.0,high,market,6,1
"Public wall damaged with permanent marker near a school, residents have requested cleaning.",vandalism,4.5,medium,school,8,3
"Pedestrian-crossing sign covered by posters near an industrial road, pedestrians cannot find the crossing point.",road_damaged_sign,7.0,high,industrial,6,1
"Stop sign bent away from traffic on a residential road, vehicles are entering from conflicting directions.",road_damaged_sign,9.5,critical,residential,6,0
There is a broken section of road near the walking path. Motorcycles are at risk of losing balance near the hole.,pothole,6.5,high,residential,5,1
"Road divider defaced with large drawings on a highway, sharp parts are exposed beside pedestrians.",vandalism,8.5,high,highway,8,1
"Waste enclosure left with broken tiles near a market, residents have requested cleaning.",vandalism,4.0,low,market,8,2
The garbage bin is full and waste is falling onto the ground. The garbage is increasing day by day.,garbage,3.5,low,school,2,2
Household waste has been left beside the road for several days and is attracting insects and stray animals.,domestic_trash,9.5,high,school,0,1
The pothole is filled with rainwater and its depth is hard to see. The hole is making the road uncomfortable to use.,pothole,7.5,high,hospital,5,1
The public bin is full and people are putting bags beside it. The area becomes dirty after the waste is left outside.,garbage,8.5,high,hospital,2,1
Cracked pavement creating a trip hazard on the public walkway.,infrastructure,7.0,high,public,4,1
"Pickup vehicles blocking a hospital entrance after recent rain, ambulances are delayed.",illegal_parking,9.0,critical,hospital,3,0
Garbage bags torn open by dogs on the industrial road.,domestic_trash,5.5,medium,industrial,0,3
"Cargo vans blocking a hospital entrance since yesterday, ambulances are delayed.",illegal_parking,9.0,critical,hospital,3,0
फोहोरको बोरा च्यातिएर विद्यालय को बाटोभरि छरिएको छ। बाटो र क्षेत्र फोहोर भइरहेको छ।,trash,7.9,critical,school,7,0
A hole has formed in the road and it is difficult for vehicles to pass. Water collects inside the hole after rain.,pothole,8.0,high,residential,5,1
"Parking restriction sign missing from its pole near a hospital, parked vehicles are narrowing the road.",road_damaged_sign,7.0,high,hospital,6,1
"Pedestrian underpass covered with political slogans on a residential road, the markings are small but visible.",vandalism,3.0,low,residential,8,2
There is a hole on the street that drivers are trying to avoid. It is a small hole and vehicles can still pass normally.,pothole,2.5,low,market,5,2
Garbage is collecting near houses and the smell is getting worse. Rain is washing some of the waste onto the road.,garbage,8.0,high,market,2,1
"Cross-road drain damaged near a commercial area, wastewater is spreading on the footpath.",drainage,6.5,high,commercial,1,1
The garbage container is overflowing and waste is on the road. It is mostly a small amount of dry waste.,garbage,2.0,low,residential,2,2
"Road divider left with broken tiles on a highway, the public facility is unsafe to use.",vandalism,7.0,high,highway,8,1
There are potholes on the street and motorcycles are struggling to pass. It becomes harder to see when it rains.,pothole,9.5,critical,hospital,5,0
There is rubbish around the road and it needs cleaning. The waste is spreading after people pass by.,garbage,8.5,high,market,2,1
"School boundary wall covered with political slogans near an industrial road, damage is visible from the school gate.",vandalism,6.0,medium,industrial,8,3
Mixed litter blocking the footpath at at the school entrance.,trash,7.0,high,school,7,1
The waste area is attracting flies and has a strong smell. The waste is close to a drain and is affecting water flow.,garbage,6.5,high,residential,2,1
"Open drain overflowing with sewage, residents face a serious health risk.",drainage,9.5,critical,residential,1,0
"Mixed litter has collected around a public waste container and is attracting insects and stray animals, along the industrial access road.",trash,3.0,low,industrial,7,2
"School buses blocking a residential driveway since yesterday, residents cannot move their vehicles.",illegal_parking,5.5,medium,residential,3,3
Plastic bottles scattered near the road in the business area.,trash,5.0,medium,commercial,7,3
The road has a deep hole that drivers need to avoid. Drivers have to brake suddenly when they notice it.,pothole,7.5,high,market,5,1
"Garbage bags containing food waste have been left open, attracting dogs and spreading rubbish across the street along the neighborhood road.",domestic_trash,8.0,high,residential,0,1
"Highway drain collapsed beside the road since yesterday, pedestrians could fall into the opening.",drainage,9.0,critical,public,1,0
"Government vehicles blocking a hospital entrance in Birgunj after recent rain, ambulances are delayed.",illegal_parking,9.5,critical,hospital,3,0
"Park signboard left with broken tiles near a school, visitors are using the wrong entrance.",vandalism,7.0,high,school,8,1
"Covered drain overflowing with sewage, residents face a serious health risk.",drainage,9.0,critical,residential,1,0
"Several households have placed overflowing rubbish bags along the roadside, narrowing the pedestrian path, beside the factory service route.",domestic_trash,8.0,high,industrial,0,1
"Cracked pavement creating a trip hazard, near homes.",infrastructure,5.5,medium,residential,4,3
"Government vehicles left beside a no-parking sign in Birgunj after recent rain, traffic is moving slowly.",illegal_parking,5.0,medium,commercial,3,3
"Hospital access drain covered by construction debris, water cannot reach the outlet.",drainage,5.5,medium,industrial,1,3
एम्बुलेन्स र आकस्मिक गाडी सार्वजनिक स्थान बाट जान नसक्ने भएको छ। चाँडै कारबाही लिनुपर्यो।,illegal_parking,5.0,low,public,3,2
Garbage bags are broken and the waste is spread across the sidewalk. The area becomes dirty after the waste is left outside.,garbage,5.5,medium,residential,2,3
"Open drain partly blocked by leaves since yesterday, water drains slowly during rain.",drainage,4.5,medium,public,1,3
सडक संकेत औद्योगिक क्षेत्र को चोकमा भत्किएर दुर्घटनाको डर भएको छ। सरकारले चाँडै हेर्नुपर्यो।,road_damaged_sign,3.6,medium,industrial,6,3
The road surface is broken and there is a pothole in the middle. Drivers have to brake suddenly when they notice it.,pothole,9.0,critical,school,5,0
"Residential drain overflowing with sewage after recent rain, residents face a serious health risk.",drainage,9.5,critical,residential,1,0
"Community hall marked with offensive words in a commercial area, the markings are small but visible.",vandalism,3.5,low,commercial,8,2
Waste is blocking part of the footpath. Residents are asking for the waste to be picked up.,garbage,7.0,high,hospital,2,1
There are potholes on the street and motorcycles are struggling to pass. Cars are moving around it to avoid the hole.,pothole,8.5,high,hospital,5,1
"Storm-water drain breeding mosquitoes since yesterday, the area has an increased disease risk.",drainage,7.0,high,residential,1,1
"Trucks blocking a hospital entrance in Tulsipur since yesterday, ambulances are delayed.",illegal_parking,9.5,critical,hospital,3,0
"Yaha fohor dherai jamma bhako cha, uthauna paryo. Manche haru lai dherai problem bhako cha.",garbage,8.5,high,market,2,1
A broken concrete barrier has fallen partly onto the road and is creating a traffic hazard beside the highway access route.,infrastructure,7.0,high,highway,4,1
Food waste and plastic packaging are scattered around the neighborhood after garbage bags were damaged beside the hospital walkway.,domestic_trash,8.0,high,hospital,0,1
The garbage container is overflowing and waste is on the road. The garbage is increasing day by day.,garbage,8.5,high,school,2,1
"Community hall covered with illegal advertising in a commercial area, residents have requested cleaning.",vandalism,4.5,medium,commercial,8,3
The garbage bin is full and waste is falling onto the ground. There are food leftovers mixed with plastic.,garbage,3.5,low,market,2,2
Bato bigrera manche haru lai hidna pani garo bhako cha. Bato banaidina paryo.,pothole,5.5,medium,school,5,3
"Roadwork sign cracked with a loose edge on a highway, vehicles are entering the work area too fast.",road_damaged_sign,8.0,high,highway,6,1
"Pedestrian-crossing sign faded and unreadable near an industrial road, pedestrians cannot find the crossing point.",road_damaged_sign,6.5,high,industrial,6,1
"Temple wall badly scratched on a highway, special cleaning is required.",vandalism,6.5,high,highway,8,1
"Parking restriction sign painted over near a hospital, parked vehicles are narrowing the road.",road_damaged_sign,6.5,high,hospital,6,1
Rubbish piled up beside the walkway at the community area.,trash,6.5,medium,public,7,3
"School-zone sign bent away from traffic on a highway, children are crossing without warning.",road_damaged_sign,8.0,high,highway,6,1
There are many empty bottles and plastic bags lying around. The waste is close to a drain and is affecting water flow.,garbage,8.0,high,residential,2,1
The road surface is broken and there is a pothole in the middle. People walking nearby have to be careful.,pothole,5.0,medium,hospital,5,3
"Hospital direction sign painted over near a school, patients are taking wrong turns.",road_damaged_sign,6.5,high,school,6,1
"Road divider covered with political slogans on a highway, the public facility is unsafe to use.",vandalism,7.5,high,highway,8,1
"Taxis blocking a hospital entrance since yesterday, ambulances are delayed.",illegal_parking,9.5,critical,hospital,3,0
"Cars blocking a residential driveway in Kathmandu since yesterday, residents cannot move their vehicles.",illegal_parking,5.5,medium,residential,3,3
"Community drain partly blocked by leaves, water drains slowly during rain.",drainage,4.5,medium,public,1,3
"Roadside drain giving off a strong smell since yesterday, nearby residents cannot open windows.",drainage,6.0,medium,residential,1,3
The waste collection has not come for a few days. Residents are asking for the waste to be picked up.,garbage,9.0,critical,residential,2,0
A pothole is getting larger after rain. People walking nearby have to be careful.,pothole,3.5,low,hospital,5,2
A pothole is getting larger after rain. It is a small hole and vehicles can still pass normally.,pothole,3.0,low,school,5,2
"Bato ma dherai pothole chan, repair garnu paryo. Gadi haru lai problem bhairako cha.",pothole,5.5,medium,market,5,3
"Household waste has been left beside the road for several days and is attracting insects and stray animals, near the school entrance.",domestic_trash,7.5,high,school,0,1
There is waste scattered near the roadside and it needs to be collected. The garbage is increasing day by day.,garbage,9.0,critical,market,2,0
"Animal-crossing sign bent away from traffic in a public area, vehicles are swerving to avoid animals.",road_damaged_sign,8.0,high,public,6,1
"Culvert damaged near a commercial area, wastewater is spreading on the footpath.",drainage,7.0,high,commercial,1,1
A large pile of rubbish has been left beside the roadside near a frequently used pedestrian route outside several houses.,trash,5.0,medium,residential,7,3
"Food containers scattered near the shops, on the public road.",trash,9.0,high,public,7,1
The road has a deep hole that drivers need to avoid. The damaged section is affecting normal traffic.,pothole,2.0,low,residential,5,2
The public bin is full and people are putting bags beside it. Dogs are opening the bags and spreading the waste.,garbage,5.0,medium,hospital,2,3
"Storm-water drain overflowing near a school since yesterday, children are walking through dirty water.",drainage,8.0,high,school,1,1
Mixed litter has collected around a public waste container and is attracting insects and stray animals along the industrial access road.,trash,6.5,medium,industrial,7,3
The garbage container is overflowing and waste is on the road. The bin is too full to hold more waste.,garbage,6.5,high,residential,2,1
"Public notice board covered with spray-painted tags in a commercial area, part of the public notice cannot be read.",vandalism,5.5,medium,commercial,8,3
"Bridge-load sign missing from its pole on a residential road, truck drivers cannot confirm the load limit.",road_damaged_sign,6.5,high,residential,6,1
"Culvert overflowing near a school, children are walking through dirty water.",drainage,8.5,high,school,1,1
There is rubbish around the road and it needs cleaning. It is limited to a few bags.,garbage,2.5,low,residential,2,2
Mixed litter has collected around a public waste container and is attracting insects and stray animals along the hospital access road.,trash,3.5,low,hospital,7,2
ट्रक र बसहरू सार्वजनिक स्थान को बाटो छेकेर पार्किङ गरेका छन्। छिटो कारबाही गर्नुपर्यो।,illegal_parking,3.4,low,public,3,2
"Public wall covered with spray-painted tags near a school, the same place was damaged repeatedly.",vandalism,5.5,medium,school,8,3
"One-way sign painted over near a school, vehicles are entering from conflicting directions.",road_damaged_sign,9.5,critical,school,6,0
"Several paving blocks are loose and uneven near the school entrance, making the walkway unsafe near the community area.",infrastructure,5.0,medium,public,4,3
People are leaving garbage beside the road instead of in the bin. The area becomes dirty after the waste is left outside.,garbage,9.0,critical,market,2,0
There is a hole near the edge of the road where motorcycles pass. People are asking for the road to be repaired.,pothole,2.5,low,hospital,5,2
There is a broken section of road near the walking path. People walking nearby have to be careful.,pothole,9.5,critical,hospital,5,0
"Community drain partly blocked by leaves since yesterday, water drains slowly during rain.",drainage,4.5,medium,public,1,3
कुकुरले घरको फोहोरको बोरा च्यातेर बजार भरि फोहोर गरेको छ। फोहोर चाँडै उठाउनुपर्यो।,domestic_trash,8.4,high,market,0,1
मूर्ति र शिल्पकला बजार मा भत्किएको छ। छिटो सफा गर्नुपर्यो।,vandalism,7.4,high,market,8,1
"Bus shelter badly scratched near a market, the same place was damaged repeatedly.",vandalism,6.0,medium,market,8,3
The road is uneven because of a pothole. People are asking for the road to be repaired.,pothole,7.0,high,school,5,1
"No-entry sign fallen into a drain in Lalitpur, vehicles are entering from conflicting directions.",road_damaged_sign,8.5,high,hospital,6,1
Waste is blocking part of the footpath. The pile is becoming noticeable on the street.,garbage,5.5,medium,school,2,3
"Storm-water drain filled with mud after rain after recent rain, water is entering nearby shops.",drainage,7.5,high,market,1,1
"A manhole cover is loose and uneven, creating a dangerous hazard for pedestrians and cyclists near the warehouse area.",infrastructure,3.5,low,industrial,4,2
"Speed-limit sign faded and unreadable in a commercial area, drivers cannot confirm the speed restriction.",road_damaged_sign,6.0,medium,commercial,6,3
There are many empty bottles and plastic bags lying around. Some bags have been torn open.,garbage,9.0,critical,market,2,0
The road is uneven because of a pothole. The damaged section is making traffic slower.,pothole,8.0,high,market,5,1
"Park signboard left with its notice torn down near a school, part of the public notice cannot be read.",vandalism,6.5,high,school,8,1
The road has started breaking around the pothole. The problem is becoming more noticeable each day.,pothole,6.5,high,market,5,1
"A large pile of rubbish has been left beside the roadside near a frequently used pedestrian route, along the industrial access road.",trash,5.5,medium,industrial,7,3
"Ward-office gate left with official lettering blacked out near a hospital, part of the public notice cannot be read.",vandalism,6.0,medium,hospital,8,3
"Roadwork sign covered by posters on a highway, drivers cannot confirm the speed restriction.",road_damaged_sign,6.0,medium,highway,6,3
"The pedestrian crossing surface is cracked and uneven, creating a risk for people crossing the road near the shopping area.",infrastructure,4.5,medium,commercial,4,3
The waste area is attracting flies and has a strong smell. Residents are asking for the waste to be picked up.,garbage,8.5,high,hospital,2,1
"Discarded bottles and takeaway containers are blocking part of the pedestrian path, near the community area.",trash,8.5,high,public,7,1
"Discarded food packaging is covering part of the pavement near the shopping area, beside nearby shops.",trash,6.0,medium,commercial,7,3
"Park signboard covered with spray-painted tags near a school, part of the public notice cannot be read.",vandalism,6.5,high,school,8,1
"Loose domestic rubbish has been blown across the street and into the drainage area after strong wind, along the public walkway.",domestic_trash,8.5,high,public,0,1
Trash bags scattered on the street near the school.,domestic_trash,5.5,medium,school,0,3
Garbage bags are broken and the waste is spread across the sidewalk. The bin is too full to hold more waste.,garbage,5.0,medium,school,2,3
The road surface has broken away and left a hole. Rainwater is collecting in the hole.,pothole,5.5,medium,market,5,3
"Several types of litter have accumulated near the market entrance and are creating a sanitation concern, along the commercial street.",trash,5.5,medium,commercial,7,3
The waste area is attracting flies and has a strong smell. The area becomes dirty after the waste is left outside.,garbage,8.0,high,residential,2,1
"Covered drain covered by construction debris since yesterday, water cannot reach the outlet.",drainage,5.5,medium,industrial,1,3
"Cars blocking a public bus stop in Kathmandu, buses are stopping in the traffic lane.",illegal_parking,7.5,high,commercial,3,1
"Plastic bags and disposable containers are scattered around the school boundary after the bin overflowed, near the shopping area.",trash,3.5,low,commercial,7,2
The highway shoulder is badly damaged and contains loose concrete pieces that could affect traffic along the neighborhood road.,infrastructure,3.0,low,residential,4,2
"Plastic wrappers, cans, and food containers are scattered along the public walkway near the community area.",trash,4.0,medium,public,7,3
There is a hole near the edge of the road where motorcycles pass. Motorcycles are slowing down at that point.,pothole,9.5,critical,hospital,5,0
"Public gutter filled with mud after rain, water is entering nearby shops.",drainage,7.0,high,market,1,1
"Public gutter blocked with plastic waste since yesterday, rainwater is flooding the road.",drainage,7.5,high,residential,1,1
"Landslide warning sign knocked down near a market, drivers are approaching the hazard too quickly.",road_damaged_sign,7.5,high,market,6,1
घरघरबाट आएको फोहोर बजार को ढलसम्म पुगेको छ। मानिसहरूलाई धेरै समस्या भएको छ।,domestic_trash,7.8,high,market,0,1
"Cracked pavement creating a trip hazard, beside the hospital.",infrastructure,3.5,low,hospital,4,2
"Animal-crossing sign cracked with a loose edge in Birgunj, drivers are not warned about livestock.",road_damaged_sign,8.0,high,public,6,1
Household rubbish blocking the pavement at in the business area.,domestic_trash,9.0,high,commercial,0,1
"Market drain partly blocked by leaves, water drains slowly during rain.",drainage,4.5,medium,public,1,3
गाडीहरू बजार को दुबै साइडमा गैरकानूनी पार्किङ गरेका छन्। मानिसहरूलाई धेरै समस्या भएको छ।,illegal_parking,7.4,high,market,3,1
There are several damaged spots and potholes along the street. It is difficult to see at night.,pothole,5.5,medium,residential,5,3
"Bus-stop sign covered by posters in a commercial area, passengers are stepping into moving traffic.",road_damaged_sign,7.5,high,commercial,6,1
Discarded household waste is scattered around the neighborhood and creating a visible sanitation problem along the neighborhood road.,domestic_trash,6.0,medium,residential,0,3
"Construction vehicles blocking a market loading area in Bhaktapur, deliveries and shoppers are delayed.",illegal_parking,6.5,high,market,3,1
There is a pothole where water collects after rain. The road surface around it is also damaged.,pothole,9.0,critical,market,5,0
"सरकारी सम्पत्ति विद्यालय मा बिग्रेको छ, कसैले केही गरेन। जिम्मेवार मानिस पत्ता लगाउनुपर्यो।",vandalism,8.5,critical,school,8,0
"Public waste left beside the road, on the market street.",trash,5.0,medium,commercial,7,3
There are potholes on the street and motorcycles are struggling to pass. Several vehicles are being affected while passing.,pothole,6.5,high,market,5,1
Mixed litter has collected around a public waste container and is attracting insects and stray animals along the public walkway.,trash,4.5,medium,public,7,3
A pothole is making the road difficult to use at night. Buses are slowing down near the damaged section.,pothole,8.0,high,residential,5,1
"Garbage bags torn open by dogs, on the highway shoulder.",domestic_trash,9.0,high,highway,0,1
"Hospital direction sign turned toward the wrong road near a school, patients are taking wrong turns.",road_damaged_sign,6.0,medium,school,6,3
गाडीहरू अस्पताल को दुबै साइडमा गैरकानूनी पार्किङ गरेका छन्। चाँडै कारबाही लिनुपर्यो।,illegal_parking,8.8,critical,hospital,3,0
"Bato ma thulo khadal cha, gadi haru slow garnu parcha. Gadi haru lai problem bhairako cha.",pothole,7.0,high,school,5,1
There is a pothole where water collects after rain. Rainwater is collecting in the hole.,pothole,3.0,low,school,5,2
"No-entry sign missing from its pole in Lalitpur, traffic slows while drivers confirm the route.",road_damaged_sign,3.5,low,hospital,6,2
"Roadside drain collapsed beside the road after recent rain, pedestrians could fall into the opening.",drainage,9.0,critical,public,1,0
Uncollected trash piling up outside homes at shops.,domestic_trash,9.5,high,commercial,0,1
Garbage is lying on the street and people are walking around it. It has been there for several days.,garbage,8.5,high,school,2,1
The public bin is full and people are putting bags beside it. The collection has been missed repeatedly and the pile is growing.,garbage,8.5,high,hospital,2,1
Waste is blocking part of the footpath. The bin is too full to hold more waste.,garbage,9.5,critical,market,2,0
The public bin is full and people are putting bags beside it. The waste is making the area unpleasant.,garbage,5.5,medium,market,2,3
"Cargo vans blocking a public bus stop in Dharan since yesterday, buses are stopping in the traffic lane.",illegal_parking,6.5,high,commercial,3,1
"School-zone sign covered by posters on a highway, pedestrians cannot find the crossing point.",road_damaged_sign,7.5,high,highway,6,1
"Pedestrian-crossing sign faded and unreadable near an industrial road, children are crossing without warning.",road_damaged_sign,8.0,high,industrial,6,1
There is a pile of household waste beside the road. It has been there since yesterday.,garbage,5.5,medium,hospital,2,3
Waste is collecting near the drain and blocking the water flow. The smell is noticeable around the area.,garbage,5.5,medium,market,2,3
"Bridge-load sign bent away from traffic on a residential road, truck drivers cannot confirm the load limit.",road_damaged_sign,7.0,high,residential,6,1
"Motorcycles parked along a highway shoulder since yesterday, fast traffic is swerving around them.",illegal_parking,8.0,high,highway,3,1
"Community drain collapsed beside the road, pedestrians could fall into the opening.",drainage,9.0,critical,public,1,0
"Public toilet covered with spray-painted tags in a public area, the same place was damaged repeatedly.",vandalism,6.0,medium,public,8,3
The road has started breaking around the pothole. Only a small part of the road is affected.,pothole,2.0,low,market,5,2
"Open drain covered by construction debris since yesterday, water cannot reach the outlet.",drainage,6.0,medium,industrial,1,3
"A streetlight pole has been damaged and is leaning toward the pedestrian walkway, beside the school boundary.",infrastructure,8.5,high,school,4,1
"Pothole filled with rainwater, mosquito breeding ground, causing dengue risk in the area",pothole,7.5,high,residential,5,1
"Heritage rest house left with official lettering blacked out near a hospital, the culturally important surface is damaged.",vandalism,7.5,high,hospital,8,1
"A section of the footpath has sunk below the surrounding surface and is difficult to walk across safely, near the hospital entrance.",infrastructure,8.5,high,hospital,4,1
The waste collection has not come for a few days. The waste has been left there for several days.,garbage,5.5,medium,school,2,3
Household waste left outside homes near the community area.,domestic_trash,7.5,high,public,0,1
"Mixed litter has collected around a public waste container and is attracting insects and stray animals, beside the public access route.",trash,8.5,high,public,7,1
There are many empty bottles and plastic bags lying around. The area becomes dirty after the waste is left outside.,garbage,3.5,low,school,2,2
"Buses left over a zebra crossing since yesterday, pedestrians are walking into traffic.",illegal_parking,8.0,high,public,3,1
"Several households have placed overflowing rubbish bags along the roadside, narrowing the pedestrian path along the industrial access road.",domestic_trash,7.5,high,industrial,0,1
"Highway drain blocked on the highway since yesterday, waterlogging is slowing heavy traffic.",drainage,8.0,high,highway,1,1
Wet household rubbish is leaking onto the pavement and creating an unhygienic area near homes along the neighborhood road.,domestic_trash,4.0,medium,residential,0,3
"Pedestrian-crossing sign cracked with a loose edge near an industrial road, pedestrians cannot find the crossing point.",road_damaged_sign,6.5,high,industrial,6,1
"Sharp-bend sign blocked by a vendor board in a public area, night drivers cannot see the hazard.",road_damaged_sign,9.0,critical,public,6,0
The road needs repair because of a pothole. The hole is making the road uncomfortable to use.,pothole,8.5,high,hospital,5,1
The road surface has broken away and left a hole. Drivers have to brake suddenly when they notice it.,pothole,5.5,medium,hospital,5,3
There is food waste on the street and stray dogs are spreading it. It has been there for several days.,garbage,5.0,medium,market,2,3
"Narrow-bridge sign hanging from one bolt in Pokhara, motorcycles are braking suddenly.",road_damaged_sign,8.5,high,market,6,1
"Bus-stop sign hanging from one bolt in a commercial area, passengers are stepping into moving traffic.",road_damaged_sign,8.0,high,commercial,6,1
"Public wall covered with spray-painted tags near a school, residents have requested cleaning.",vandalism,3.5,low,school,8,2
The roadside drain has collapsed and left a deep open gap beside the pedestrian route beside the school boundary.,infrastructure,4.0,medium,school,4,3
"Graffiti on the historical temple wall, causing cultural disrespect and religious sentiments hurt",vandalism,8.0,high,residential,8,1
The highway shoulder is badly damaged and contains loose concrete pieces that could affect traffic along the commercial street.,infrastructure,4.0,medium,commercial,4,3
"Tourist vans parked on both sides of a narrow road in Hetauda since yesterday, emergency vehicles cannot pass.",illegal_parking,9.5,critical,hospital,3,0
"Pedestrian underpass damaged with permanent marker on a residential road, the same place was damaged repeatedly.",vandalism,6.5,high,residential,8,1
"Roadwork sign missing from its pole in Dhangadhi, motorcycles are braking near the barriers.",road_damaged_sign,8.0,high,highway,6,1
Food containers scattered near the shops at shops.,trash,8.0,high,commercial,7,1
"Heritage rest house damaged with permanent marker near a hospital, visitors have complained about disrespect.",vandalism,7.0,high,hospital,8,1
नो पार्किङ जोनमा पनि राजमार्ग मा गाडीहरू पार्किङ गरेका छन्। ट्राफिक प्रहरीले हेर्नुपर्यो।,illegal_parking,7.5,high,highway,3,1
"Cargo vans blocking a residential driveway since yesterday, residents cannot move their vehicles.",illegal_parking,4.5,medium,residential,3,3
"Domestic waste has been dumped beside the residential lane instead of being placed at the collection point, outside several houses.",domestic_trash,8.5,high,residential,0,1
"Temple wall left with official lettering blacked out on a highway, visitors have complained about disrespect.",vandalism,6.5,high,highway,8,1
"Construction vehicles left near an industrial gate since yesterday, large vehicles have little turning space.",illegal_parking,6.0,medium,industrial,3,3
बिजुलीको पोल बाङ्गिएर आवासीय क्षेत्र को बाटोमा खतरा सिर्जना भएको छ। छिटो मर्मत गर्नुपर्यो।,infrastructure,7.2,high,residential,4,1
Fohor ko bag haru bato tira chhariyeko cha. Bato ra area fohor bhairako cha.,garbage,8.0,high,market,2,1
"Construction vehicles parked fully on the footpath in Bhaktapur after recent rain, pedestrians are forced onto the road.",illegal_parking,7.5,high,residential,3,1
"Stop sign hanging from one bolt in Kathmandu, drivers are taking wrong turns and causing traffic.",road_damaged_sign,7.0,high,residential,6,1
"Landslide warning sign bent away from traffic near a market, drivers are approaching the hazard too quickly.",road_damaged_sign,7.0,high,market,6,1
Food waste is scattered around because dogs are tearing the bags. The garbage is increasing day by day.,garbage,8.5,high,hospital,2,1
"पानी जम्मा भएर बजार को बाटो डुब्न थाल्यो, गाडीहरू अड्किएका छन्। मानिसहरूलाई स्वास्थ्य खतरा भएको छ।",drainage,8.2,high,market,1,1
"School-zone sign hidden by branches on a highway, children are crossing without warning.",road_damaged_sign,9.0,critical,highway,6,0
"Tourist vans blocking a public bus stop in Hetauda since yesterday, buses are stopping in the traffic lane.",illegal_parking,7.0,high,commercial,3,1
Rubbish has been dumped near the hospital access road and is obstructing part of the walkway along the highway shoulder.,trash,7.0,high,highway,7,1
"Animal-crossing sign fallen into a drain in a public area, drivers are not warned about livestock.",road_damaged_sign,7.0,high,public,6,1
"Roadside drain blocked on the highway, waterlogging is slowing heavy traffic.",drainage,8.0,high,highway,1,1
There are many empty bottles and plastic bags lying around. The smell is noticeable around the area.,garbage,9.5,critical,hospital,2,0
"Landslide warning sign knocked down near a market, night drivers cannot see the hazard.",road_damaged_sign,8.5,high,market,6,1
The road needs repair because of a pothole. Rainwater is collecting in the hole.,pothole,7.5,high,market,5,1
"Several paving blocks are loose and uneven near the school entrance, making the walkway unsafe near the hospital entrance.",infrastructure,3.0,low,hospital,4,2
"Trucks left over a zebra crossing, pedestrians are walking into traffic.",illegal_parking,7.5,high,public,3,1
"Footbridge railing badly scratched on a residential road, sharp parts are exposed beside pedestrians.",vandalism,8.5,high,residential,8,1
"Plastic bottles scattered near the road, beside the school.",trash,2.5,low,school,7,2
"Mixed rubbish has accumulated around the waste collection point near the busy commercial area, near the main road junction.",trash,3.0,low,highway,7,2
"Narrow-bridge sign bent away from traffic near a market, drivers are approaching the hazard too quickly.",road_damaged_sign,8.0,high,market,6,1
"Community hall scraped across the surface in a commercial area, residents have requested cleaning.",vandalism,3.5,low,commercial,8,2
"A deep hole has formed in the public walkway and is difficult to notice during low-light conditions, along the hospital access road.",infrastructure,4.0,medium,hospital,4,3
There is food waste on the street and stray dogs are spreading it. Children are passing through the area every day.,garbage,9.5,critical,hospital,2,0
Several types of litter have accumulated near the market entrance and are creating a sanitation concern along the student walkway.,trash,8.5,high,school,7,1
"Footpath drain overflowing near a school after recent rain, children are walking through dirty water.",drainage,8.5,high,school,1,1
The waste area is attracting flies and has a strong smell. The collection has been missed repeatedly and the pile is growing.,garbage,7.0,high,hospital,2,1
"School-side drain overflowing with sewage after recent rain, residents face a serious health risk.",drainage,9.5,critical,residential,1,0
The pothole is making it uncomfortable for people riding motorcycles. It is on a road used by many people.,pothole,5.0,medium,market,5,3
"Market drain leaking near a hospital since yesterday, dirty water is crossing the entrance.",drainage,9.0,critical,hospital,1,0
Plastic bags and food waste are spread around the area. It has been there since yesterday.,garbage,9.5,critical,residential,2,0
फोहोर राख्ने ठाउँ नभएकोले मानिसहरूले विद्यालय मा नै फोहोर फाल्ने गर्छन्। मानिसहरूलाई धेरै समस्या भएको छ।,domestic_trash,8.2,critical,school,0,0
Waste is blocking part of the footpath. The waste is making the area unpleasant.,garbage,9.0,critical,residential,2,0
Waste is collecting near the drain and blocking the water flow. The waste is creating a serious problem for people using the area.,garbage,8.5,high,residential,2,1
There is a hole near the edge of the road where motorcycles pass. Vehicles are swerving to avoid the hole.,pothole,7.5,high,residential,5,1
"Industrial drain breeding mosquitoes, the area has an increased disease risk.",drainage,7.5,high,residential,1,1
"Government vehicles parked at a busy junction in Birgunj since yesterday, drivers cannot see approaching vehicles.",illegal_parking,8.0,high,market,3,1
Public bin overflowing onto the pavement at the industrial road.,trash,6.0,medium,industrial,7,3
"A section of the footpath has sunk below the surrounding surface and is difficult to walk across safely, near the main road junction.",infrastructure,7.0,high,highway,4,1
"Public notice board covered with political slogans in a commercial area, part of the public notice cannot be read.",vandalism,6.0,medium,commercial,8,3
"Heritage rest house left with its notice torn down near a hospital, the culturally important surface is damaged.",vandalism,8.5,high,hospital,8,1
"Trucks parked fully on the footpath since yesterday, pedestrians are forced onto the road.",illegal_parking,7.0,high,residential,3,1
"Minibuses left over a zebra crossing after recent rain, pedestrians are walking into traffic.",illegal_parking,8.5,high,public,3,1
"Plastic bottles scattered near the road, near the school.",trash,2.5,low,school,7,2
"Buses blocking a market loading area since yesterday, deliveries and shoppers are delayed.",illegal_parking,6.5,high,market,3,1
"A damaged retaining wall is showing visible cracks and appears unstable beside the access road, along the industrial access road.",infrastructure,4.5,medium,industrial,4,3
Pani parepachi khadal ajhai thulo bhako cha. Bato banaidina paryo.,pothole,8.0,high,residential,5,1
Mixed litter blocking the footpath at the highway.,trash,5.5,medium,highway,7,3
"Household trash bags are scattered across the residential street after being torn open by stray dogs, along the hospital access road.",domestic_trash,9.5,high,hospital,0,1
"Motorcycles blocking a hospital entrance in Itahari since yesterday, ambulances are delayed.",illegal_parking,9.0,critical,hospital,3,0
"Household waste has been left beside the road for several days and is attracting insects and stray animals, along the commercial street.",domestic_trash,6.5,medium,commercial,0,3
"Parking restriction sign blocked by a vendor board near a hospital, parked cars are blocking junction visibility.",road_damaged_sign,7.5,high,hospital,6,1
"Temple wall damaged with permanent marker on a highway, the culturally important surface is damaged.",vandalism,8.0,high,highway,8,1
"Buses parked fully on the footpath in Bharatpur, pedestrians are forced onto the road.",illegal_parking,7.5,high,residential,3,1
There is a hole on the street that drivers are trying to avoid. The damaged spot is limited to one small area.,pothole,3.0,low,market,5,2
"Covered drain damaged near a commercial area since yesterday, wastewater is spreading on the footpath.",drainage,7.0,high,commercial,1,1
"School buses parked across a school gate since yesterday, children are entering through traffic.",illegal_parking,8.0,high,school,3,1
"Bus-stop sign hidden by branches in a commercial area, people cannot identify the correct bus stop.",road_damaged_sign,4.5,medium,commercial,6,3
राजमार्ग को भित्तामा स्प्रे पेन्टले बिगारिएको छ। सरकारले चाँडै हेर्नुपर्यो।,vandalism,7.8,high,highway,8,1
There is a broken section of road near the walking path. Drivers have to brake suddenly when they notice it.,pothole,8.0,high,school,5,1
"Construction vehicles parked along a highway shoulder, fast traffic is swerving around them.",illegal_parking,8.0,high,highway,3,1
सडक संकेत राजमार्ग को चोकमा भत्किएर दुर्घटनाको डर भएको छ। नयाँ साइन राख्नुपर्यो।,road_damaged_sign,7.6,high,highway,6,1
A pothole is making vehicles move to the other side of the road. Several vehicles are being affected while passing.,pothole,7.0,high,school,5,1
There is a pile of household waste beside the road. Dogs are opening the bags and spreading the waste.,garbage,7.0,high,hospital,2,1
"Animal-crossing sign hanging from one bolt in a public area, drivers are not warned about livestock.",road_damaged_sign,7.5,high,public,6,1
"Food containers scattered near the shops, near homes.",trash,5.5,medium,residential,7,3
"Construction vehicles left beside a no-parking sign after recent rain, traffic is moving slowly.",illegal_parking,6.0,medium,commercial,3,3
"Public rubbish has been left beside the community walkway and is affecting normal pedestrian access, along the student walkway.",trash,5.0,medium,school,7,3
"Government vehicles blocking a hospital entrance since yesterday, ambulances are delayed.",illegal_parking,9.5,critical,hospital,3,0
"Rental cars parked fully on the footpath since yesterday, pedestrians are forced onto the road.",illegal_parking,7.0,high,residential,3,1
"Hospital direction sign cracked with a loose edge near a school, ambulances are missing the correct access road.",road_damaged_sign,8.5,high,school,6,1
"Narrow-bridge sign faded and unreadable near a market, night drivers cannot see the hazard.",road_damaged_sign,8.0,high,market,6,1
There are potholes on the street and motorcycles are struggling to pass. The problem is becoming more noticeable each day.,pothole,8.5,high,school,5,1
Several holes are visible on the road surface. Water collects inside the hole after rain.,pothole,7.5,high,market,5,1
"Pedestrian-crossing sign turned toward the wrong road near an industrial road, vehicles are braking when people enter the road.",road_damaged_sign,8.0,high,industrial,6,1
"Taxis blocking a residential driveway in Janakpur, residents cannot move their vehicles.",illegal_parking,5.0,medium,residential,3,3
"Narrow-bridge sign missing from its pole near a market, motorcycles are braking suddenly.",road_damaged_sign,8.0,high,market,6,1
"Public toilet damaged with permanent marker in a public area, the same place was damaged repeatedly.",vandalism,5.5,medium,public,8,3
There is a broken section of road near the walking path. It is difficult to see at night.,pothole,8.5,high,market,5,1
"भित्तामा अभद्र शब्दहरू आवासीय क्षेत्र मा लेखिएको छ, बच्चाहरूले देख्छन्। मानिसहरूलाई धेरै समस्या भएको छ।",vandalism,6.9,high,residential,8,1
"Industrial drain collapsed beside the road, pedestrians could fall into the opening.",drainage,8.5,high,public,1,1
Public bin overflowing onto the pavement at in the business area.,trash,9.0,high,commercial,7,1
"Public toilet covered with pasted flyers in a public area, the markings are small but visible.",vandalism,2.5,low,public,8,2
"Public wall left with its notice torn down near a school, the markings are small but visible.",vandalism,2.5,low,school,8,2
बाटोको किनारा धेरै ठाउँबाट खस्केर व्यापारिक क्षेत्र मा खतरा भएको छ। मर्मत सम्भार आवश्यक छ।,infrastructure,5.8,medium,commercial,4,3
Cracked pavement creating a trip hazard in the business area.,infrastructure,7.0,high,commercial,4,1
"Industrial drain leaking near a hospital after recent rain, dirty water is crossing the entrance.",drainage,8.5,high,hospital,1,1
Waste is collecting near the drain and blocking the water flow. The collection vehicle has not come recently.,garbage,9.0,critical,market,2,0
"Covered drain breeding mosquitoes since yesterday, the area has an increased disease risk.",drainage,7.5,high,residential,1,1
"Community drain giving off a strong smell since yesterday, nearby residents cannot open windows.",drainage,6.0,medium,residential,1,3
A pothole is causing buses and cars to slow down. The damaged section is affecting normal traffic.,pothole,5.5,medium,residential,5,3
"Roadside drain collapsed beside the road since yesterday, pedestrians could fall into the opening.",drainage,9.0,critical,public,1,0
"Footbridge railing scraped across the surface on a residential road, the public facility is unsafe to use.",vandalism,7.0,high,residential,8,1
"School boundary wall damaged with permanent marker near an industrial road, damage is visible from the school gate.",vandalism,5.0,medium,industrial,8,3
"Junction sign covered by posters in Ghorahi, drivers are taking wrong turns and causing traffic.",road_damaged_sign,6.0,medium,industrial,6,3
Plastic bottles scattered near the road at the school.,trash,7.0,high,school,7,1
"Private cars left near an industrial gate since yesterday, large vehicles have little turning space.",illegal_parking,6.5,high,industrial,3,1
"Discarded food packaging is covering part of the pavement near the shopping area, along the highway shoulder.",trash,6.0,medium,highway,7,3
"Garbage bags torn open by dogs, on the residential lane.",domestic_trash,9.5,high,residential,0,1
"Rental cars parked on both sides of a narrow road after recent rain, emergency vehicles cannot pass.",illegal_parking,8.5,high,hospital,3,1
There are potholes on the street and motorcycles are struggling to pass. The edge of the road is also starting to break.,pothole,7.5,high,residential,5,1
The road has a damaged patch with a noticeable hole. The problem is becoming more noticeable each day.,pothole,8.5,high,school,5,1
The road has a damaged patch with a noticeable hole. It has been there for a few days.,pothole,8.0,high,residential,5,1
"फोहोर मैला संकलन नभएको धेरै दिन भयो, औद्योगिक क्षेत्र मा फोहोरको थुप्रो जम्मा भएको छ। बाटो र क्षेत्र फोहोर भइरहेको छ।",trash,6.1,medium,industrial,7,3
Plastic bags and food waste are spread around the area. The pile is spreading across the walking area.,garbage,8.0,high,market,2,1
The road is uneven because of a pothole. Vehicles need to slow down at that point.,pothole,5.5,medium,hospital,5,3
ट्राफिक साइन बोर्ड सार्वजनिक स्थान मा बाङ्गिएर देख्न गाह्रो भएको छ। छिटो मर्मत गर्नुपर्यो।,road_damaged_sign,4.4,low,public,6,2
The road has a large uneven section caused by a pothole. Several motorcycles are avoiding the same spot.,pothole,7.5,high,residential,5,1
"Several sections of the road edge have collapsed, leaving an unsafe drop beside the main route, near the school entrance.",infrastructure,8.0,high,school,4,1
Public waste left beside the road at at the school entrance.,trash,2.5,low,school,7,2
"One-way sign fallen into a drain near a school, drivers are taking wrong turns and causing traffic.",road_damaged_sign,6.0,medium,school,6,3
"Bus-stop sign missing from its pole in a commercial area, people cannot identify the correct bus stop.",road_damaged_sign,4.5,medium,commercial,6,3
Garbage is piling up near the footpath and making it difficult to pass. The waste is close to the walking path.,garbage,9.0,critical,residential,2,0
"Health-post wall damaged with permanent marker near an industrial road, emergency information is partly blocked.",vandalism,8.0,high,industrial,8,1
"Buses parked across a school gate in Bharatpur, children are entering through traffic.",illegal_parking,8.5,high,school,3,1
"Ward-office gate covered with pasted flyers near a hospital, part of the public notice cannot be read.",vandalism,6.5,high,hospital,8,1
"Bridge-load sign hidden by branches on a residential road, drivers are stopping to check the restriction.",road_damaged_sign,4.5,medium,residential,6,3
The road has a damaged patch with a noticeable hole. It is not affecting the normal movement of vehicles.,pothole,2.5,low,market,5,2
"Open drain partly blocked by leaves, water drains slowly during rain.",drainage,4.5,medium,public,1,3
"Bus shelter left with its notice torn down near a market, residents have requested cleaning.",vandalism,4.5,medium,market,8,3
"Bus-stop sign faded and unreadable in a commercial area, people cannot identify the correct bus stop.",road_damaged_sign,4.0,low,commercial,6,2
"Market drain blocked on the highway after recent rain, waterlogging is slowing heavy traffic.",drainage,8.0,high,highway,1,1
"Open drain leaking near a hospital since yesterday, dirty water is crossing the entrance.",drainage,9.0,critical,hospital,1,0
"School-side drain blocked with plastic waste, rainwater is flooding the road.",drainage,8.0,high,residential,1,1
"Roadwork sign blocked by a vendor board in Dhangadhi, motorcycles are braking near the barriers.",road_damaged_sign,8.5,high,highway,6,1
Khana ko fohor ra plastic bato ma chhariyeko cha. Bato ra area fohor bhairako cha.,garbage,6.5,high,market,2,1
"Taxis parked across a school gate in Janakpur since yesterday, children are entering through traffic.",illegal_parking,7.5,high,school,3,1
"Cars blocking a residential driveway, residents cannot move their vehicles.",illegal_parking,5.5,medium,residential,3,3
"Uncollected household waste is producing a bad smell and causing complaints from nearby residents, beside nearby shops.",domestic_trash,7.0,high,commercial,0,1
"Junction sign blocked by a vendor board near an industrial road, vehicles are entering from conflicting directions.",road_damaged_sign,9.0,critical,industrial,6,0
"The highway shoulder is badly damaged and contains loose concrete pieces that could affect traffic, beside the school boundary.",infrastructure,3.5,low,school,4,2
There is a pothole where water collects after rain. Only a small part of the road is affected.,pothole,3.5,low,hospital,5,2
"Waste enclosure covered with political slogans near a market, the markings are small but visible.",vandalism,3.5,low,market,8,2
"Roadwork sign knocked down on a highway, drivers cannot confirm the speed restriction.",road_damaged_sign,5.5,medium,highway,6,3
"School-zone sign faded and unreadable on a highway, pedestrians cannot find the crossing point.",road_damaged_sign,7.0,high,highway,6,1
"Public notice board left with its notice torn down in a commercial area, part of the public notice cannot be read.",vandalism,5.5,medium,commercial,8,3
"Highway drain damaged near a commercial area, wastewater is spreading on the footpath.",drainage,7.5,high,commercial,1,1
"Delivery vans parked on both sides of a narrow road in Butwal since yesterday, emergency vehicles cannot pass.",illegal_parking,8.5,high,hospital,3,1
"No-entry sign bent away from traffic near a hospital, drivers are taking wrong turns and causing traffic.",road_damaged_sign,6.5,high,hospital,6,1
The road has started breaking around the pothole. People are asking for the road to be repaired.,pothole,7.0,high,school,5,1
Plastic bottles scattered near the road on the public walkway.,trash,7.0,high,public,7,1
A pothole is causing buses and cars to slow down. Drivers have to brake suddenly when they notice it.,pothole,7.5,high,residential,5,1
"Public gutter collapsed beside the road since yesterday, pedestrians could fall into the opening.",drainage,9.0,critical,public,1,0
A pothole is making vehicles move to the other side of the road. Buses are slowing down near the damaged section.,pothole,8.5,high,school,5,1
"Hospital direction sign fallen into a drain near a school, patients are taking wrong turns.",road_damaged_sign,7.0,high,school,6,1
There is waste scattered near the roadside and it needs to be collected. The waste is creating a serious problem for people using the area.,garbage,7.0,high,residential,2,1
"Motorcycles left over a zebra crossing since yesterday, pedestrians are walking into traffic.",illegal_parking,8.0,high,public,3,1
"Public water tap defaced with large drawings in a public area, the public facility is unsafe to use.",vandalism,6.5,high,public,8,1
There is a pothole where water collects after rain. Several motorcycles are avoiding the same spot.,pothole,3.5,low,market,5,2
Garbage is collecting near houses and the smell is getting worse. The waste is close to a drain and is affecting water flow.,garbage,7.5,high,hospital,2,1
The road has a damaged patch with a noticeable hole. The damaged section is making the road difficult to cross safely.,pothole,9.5,critical,residential,5,0
"Pickup vehicles left near an industrial gate in Nepalgunj since yesterday, large vehicles have little turning space.",illegal_parking,6.0,medium,industrial,3,3
Food waste is scattered around because dogs are tearing the bags. Rain is washing some of the waste onto the road.,garbage,9.5,critical,market,2,0
"Cars blocking a hospital entrance since yesterday, ambulances are delayed.",illegal_parking,9.5,critical,hospital,3,0
There is a hole near the edge of the road where motorcycles pass. It is a small hole and vehicles can still pass normally.,pothole,3.0,low,school,5,2
Loose paving blocks near the entrance outside houses.,infrastructure,3.5,low,residential,4,2
Mixed rubbish has accumulated around the waste collection point near the busy commercial area near nearby homes.,trash,9.5,high,residential,7,1
The roadside drain has collapsed and left a deep open gap beside the pedestrian route along the public walkway.,infrastructure,8.5,high,public,4,1
The pothole is making it uncomfortable for people riding motorcycles. The hole is on a route used frequently by emergency vehicles.,pothole,9.0,critical,residential,5,0
There is food waste on the street and stray dogs are spreading it. The waste is making the area unpleasant.,garbage,6.5,high,market,2,1
"Pothole on the hospital road, ambulance drivers struggling to pass, delaying emergency care",pothole,9.5,critical,hospital,5,0
"Plastic wrappers, cans, and food containers are scattered along the public walkway, near the shopping area.",trash,7.0,high,commercial,7,1
"Public bin overflowing onto the pavement, at the hospital entrance.",trash,6.5,medium,hospital,7,3
"Park signboard defaced with large drawings near a school, part of the public notice cannot be read.",vandalism,6.5,high,school,8,1
"Roadside drain leaking near a hospital, dirty water is crossing the entrance.",drainage,9.0,critical,hospital,1,0
The pothole is making it uncomfortable for people riding motorcycles. It has been there for a few days.,pothole,5.5,medium,school,5,3
"Construction vehicles parked across a school gate since yesterday, children are entering through traffic.",illegal_parking,8.5,high,school,3,1
Trash bags scattered on the street beside the school.,domestic_trash,3.0,low,school,0,2
"Private cars blocking a hospital entrance after recent rain, ambulances are delayed.",illegal_parking,9.5,critical,hospital,3,0
"Trucks blocking a market loading area since yesterday, deliveries and shoppers are delayed.",illegal_parking,6.0,medium,market,3,3
"Road divider covered with illegal advertising on a highway, the public facility is unsafe to use.",vandalism,7.5,high,highway,8,1
Plastic bags and food waste are spread around the area. People are having to walk around the garbage.,garbage,5.5,medium,school,2,3
"Food containers scattered near the shops, on the public walkway.",trash,9.5,high,public,7,1
The public bin is full and people are putting bags beside it. It has been there since yesterday.,garbage,6.5,high,hospital,2,1
"Storm-water drain overflowing near a school after recent rain, children are walking through dirty water.",drainage,8.0,high,school,1,1
Household waste has been left outside for several days. The waste is mixed with unsafe material and people are coming close to it.,garbage,9.5,critical,school,2,0
"Plastic bottles scattered near the road, in the business area.",trash,3.5,low,commercial,7,2
A pothole has appeared after the recent rain. People walking nearby have to be careful.,pothole,7.5,high,market,5,1
The road needs repair because of a pothole. The broken area is getting wider.,pothole,2.5,low,market,5,2
Garbage has been left in an open place and is spreading around. The waste is close to a drain and is affecting water flow.,garbage,8.0,high,hospital,2,1
The garbage bin is full and waste is falling onto the ground. The waste is visible from the nearby road.,garbage,9.0,critical,hospital,2,0
A damaged road surface has developed deep potholes that are difficult for vehicles to avoid along the hospital access road.,infrastructure,8.5,high,hospital,4,1
फोहोरको बोरा च्यातिएर अस्पताल को बाटोभरि छरिएको छ। बाटो र क्षेत्र फोहोर भइरहेको छ।,trash,8.9,critical,hospital,7,0
"Public gutter collapsed beside the road after recent rain, pedestrians could fall into the opening.",drainage,9.0,critical,public,1,0
"A manhole cover is loose and uneven, creating a dangerous hazard for pedestrians and cyclists along the hospital access road.",infrastructure,4.5,medium,hospital,4,3
"Pedestrian-crossing sign covered by posters near an industrial road, vehicles are braking when people enter the road.",road_damaged_sign,7.5,high,industrial,6,1
The roadside drain has collapsed and left a deep open gap beside the pedestrian route along the industrial access road.,infrastructure,9.0,high,industrial,4,1
"School boundary wall left with broken tiles near an industrial road, the school safety notice is unreadable.",vandalism,7.0,high,industrial,8,1
There is rubbish around the road and it needs cleaning. The waste is close to the walking path.,garbage,7.5,high,hospital,2,1
The waste collection has not come for a few days. Dogs are opening the bags and spreading the waste.,garbage,9.0,critical,market,2,0
People are leaving garbage beside the road instead of in the bin. People are having to walk around the garbage.,garbage,2.5,low,market,2,2
"Roadside drain blocked on the highway since yesterday, waterlogging is slowing heavy traffic.",drainage,8.0,high,highway,1,1
"Cargo vans parked at a busy junction, drivers cannot see approaching vehicles.",illegal_parking,9.0,critical,market,3,0
"Buses parked at a busy junction, drivers cannot see approaching vehicles.",illegal_parking,9.0,critical,market,3,0
"Market drain collapsed beside the road since yesterday, pedestrians could fall into the opening.",drainage,9.0,critical,public,1,0
"Bato ko surface futeko cha, gadi hallaera jancha. Gadi haru lai problem bhairako cha.",pothole,5.5,medium,hospital,5,3
"Minibuses blocking a public bus stop in Lalitpur, buses are stopping in the traffic lane.",illegal_parking,7.0,high,commercial,3,1
"Pedestrian underpass covered with illegal advertising on a residential road, the markings are small but visible.",vandalism,3.0,low,residential,8,2
There is food waste on the street and stray dogs are spreading it. Flies are gathering around the waste.,garbage,7.0,high,school,2,1
"Bus-stop sign covered by posters in Biratnagar, people cannot identify the correct bus stop.",road_damaged_sign,4.5,medium,commercial,6,3
"Loose litter is spreading around an overflowing bin and making the public area difficult to keep clean, along the public walkway.",trash,5.5,medium,public,7,3
There is rubbish around the road and it needs cleaning. The waste is making the area unpleasant.,garbage,7.0,high,market,2,1
"Health-post wall left with official lettering blacked out near an industrial road, emergency information is partly blocked.",vandalism,7.5,high,industrial,8,1
"Bato ma dherai pothole chan, repair garnu paryo. Yaha bata hidna garo bhako cha.",pothole,7.0,high,hospital,5,1
The road has started breaking around the pothole. The hole is causing dangerous movement for vehicles and pedestrians.,pothole,9.5,critical,market,5,0
"Public bin overflowing onto the pavement, beside the hospital.",trash,9.5,high,hospital,7,1
"Delivery vans parked at a busy junction after recent rain, drivers cannot see approaching vehicles.",illegal_parking,8.5,high,market,3,1
"Several households have placed overflowing rubbish bags along the roadside, narrowing the pedestrian path along the commercial street.",domestic_trash,4.5,medium,commercial,0,3
फोहोर राख्ने ठाउँ नभएकोले मानिसहरूले औद्योगिक क्षेत्र मा नै फोहोर फाल्ने गर्छन्। मानिसहरूलाई धेरै समस्या भएको छ।,domestic_trash,4.9,medium,industrial,0,3
"Household trash bags are scattered across the residential street after being torn open by stray dogs, near the hospital entrance.",domestic_trash,8.0,high,hospital,0,1
वर्षापछि अस्पताल को नाला भरि पानी भरिएर बाटोमा फैलिएको छ। नाला सफा गर्नुपर्यो।,drainage,9.4,critical,hospital,1,0
Household waste has been left outside for several days. The smell is starting to bother people nearby.,garbage,5.0,medium,hospital,2,3
"Public gutter covered by construction debris after recent rain, water cannot reach the outlet.",drainage,6.0,medium,industrial,1,3
"Cars left near an industrial gate since yesterday, large vehicles have little turning space.",illegal_parking,7.0,high,industrial,3,1
"Hospital direction sign blocked by a vendor board near a school, ambulances are missing the correct access road.",road_damaged_sign,8.0,high,school,6,1
सिग्नल बोर्ड विद्यालय मा पुरानो भएर मानिसहरूले देख्न सक्दैनन्। मानिसहरूलाई धेरै खतरा भएको छ।,road_damaged_sign,8.9,critical,school,6,0
"Bus shelter left with its notice torn down near a market, the markings are small but visible.",vandalism,3.5,low,market,8,2
People are throwing waste in the open area and the pile is getting bigger. Stray animals are spreading the waste around the street.,garbage,8.0,high,residential,2,1
Rubbish has been dumped near the hospital access road and is obstructing part of the walkway.,trash,3.5,low,public,7,2
"Cars parked at a busy junction, drivers cannot see approaching vehicles.",illegal_parking,8.5,high,market,3,1
There is a pothole on the road and vehicles have to slow down. The problem is becoming more noticeable each day.,pothole,9.0,critical,market,5,0
"Discarded food packaging is covering part of the pavement near the shopping area, along the student walkway.",trash,6.0,medium,school,7,3
"Landslide warning sign fallen into a drain near a market, motorcycles are braking suddenly.",road_damaged_sign,8.5,high,market,6,1
"Wind has scattered plastic waste and paper across the area around an overflowing public bin, along the public walkway.",trash,5.0,medium,public,7,3
Household trash bags are scattered across the residential street after being torn open by stray dogs along the hospital access road.,domestic_trash,6.0,medium,hospital,0,3
"Road divider left with broken tiles on a highway, the damage may worsen without repair.",vandalism,4.5,medium,highway,8,3
Household rubbish blocking the pavement at the public walkway.,domestic_trash,3.0,low,public,0,2
A streetlight pole has been damaged and is leaning toward the pedestrian walkway beside the highway access route.,infrastructure,7.0,high,highway,4,1
"Plastic bags and disposable containers are scattered around the school boundary after the bin overflowed, beside the public access route.",trash,4.0,medium,public,7,3
"भित्तामा अभद्र शब्दहरू औद्योगिक क्षेत्र मा लेखिएको छ, बच्चाहरूले देख्छन्। छिटो सफा गर्नुपर्यो।",vandalism,5.7,medium,industrial,8,3
"Buses parked fully on the footpath since yesterday, pedestrians are forced onto the road.",illegal_parking,7.5,high,residential,3,1
Several holes are visible on the road surface. The damaged area is noticeable to regular road users.,pothole,5.5,medium,residential,5,3
A pothole has appeared after the recent rain. It is causing vehicles to shake while crossing.,pothole,6.5,high,school,5,1
"Pickup vehicles parked at a busy junction in Nepalgunj after recent rain, drivers cannot see approaching vehicles.",illegal_parking,9.0,critical,market,3,0
"Cracked pavement creating a trip hazard, near the hospital.",infrastructure,4.0,medium,hospital,4,3
"Government vehicles parked on both sides of a narrow road since yesterday, emergency vehicles cannot pass.",illegal_parking,9.5,critical,hospital,3,0
A large pile of rubbish has been left beside the roadside near a frequently used pedestrian route beside nearby shops.,trash,5.5,medium,commercial,7,3
Loose manhole cover creating a hazard on the market street.,infrastructure,3.5,low,commercial,4,2
"Market drain filled with mud after rain since yesterday, water is entering nearby shops.",drainage,7.0,high,market,1,1
"Household waste has been left beside the road for several days and is attracting insects and stray animals, outside several houses.",domestic_trash,4.0,medium,residential,0,3
"Microbuses left over a zebra crossing in Dhangadhi, pedestrians are walking into traffic.",illegal_parking,7.5,high,public,3,1
"A manhole cover is loose and uneven, creating a dangerous hazard for pedestrians and cyclists, beside the school boundary.",infrastructure,7.5,high,school,4,1
The waste area is attracting flies and has a strong smell. Children are passing through the area every day.,garbage,9.0,critical,hospital,2,0
"Waste enclosure left with its notice torn down near a market, residents have requested cleaning.",vandalism,4.0,low,market,8,2
"Cargo vans parked along a highway shoulder, fast traffic is swerving around them.",illegal_parking,8.0,high,highway,3,1
"Stop sign bent away from traffic on a residential road, drivers are taking wrong turns and causing traffic.",road_damaged_sign,7.0,high,residential,6,1
Food waste is scattered around because dogs are tearing the bags. The collection vehicle has not come recently.,garbage,8.5,high,school,2,1
"Main sewer line filled with mud after rain since yesterday, water is entering nearby shops.",drainage,7.5,high,market,1,1
"Parking restriction sign turned toward the wrong road near a hospital, parked vehicles are narrowing the road.",road_damaged_sign,6.0,medium,hospital,6,3
"Several bags of household rubbish are blocking part of the footpath outside a row of homes, beside the public access route.",domestic_trash,3.0,low,public,0,2
"School-side drain covered by construction debris, water cannot reach the outlet.",drainage,6.5,high,industrial,1,1
"Footbridge railing left with its notice torn down on a residential road, sharp parts are exposed beside pedestrians.",vandalism,8.5,high,residential,8,1
The road needs repair because of a pothole. Cars are moving around it to avoid the hole.,pothole,8.5,high,residential,5,1
An overflowing public bin has caused plastic bottles and food containers to spill onto the pavement beside the highway access route.,trash,5.5,medium,highway,7,3
People are leaving garbage beside the road instead of in the bin. The garbage is increasing day by day.,garbage,9.5,critical,school,2,0
"Cargo vans parked fully on the footpath since yesterday, pedestrians are forced onto the road.",illegal_parking,7.5,high,residential,3,1
"Several households have placed overflowing rubbish bags along the roadside, narrowing the pedestrian path, outside several houses.",domestic_trash,5.0,medium,residential,0,3
"Public toilet scraped across the surface in a public area, residents have requested cleaning.",vandalism,3.5,low,public,8,2
"Small garbage bag left on the corner, not bothering anyone, just needs regular collection",garbage,2.5,low,residential,2,2
"Microbuses parked on both sides of a narrow road since yesterday, emergency vehicles cannot pass.",illegal_parking,8.5,high,hospital,3,1
"Industrial drain overflowing with sewage, residents face a serious health risk.",drainage,9.0,critical,residential,1,0
"Pedestrian-crossing sign cracked with a loose edge near an industrial road, children are crossing without warning.",road_damaged_sign,8.0,high,industrial,6,1
"Tourist vans parked along a highway shoulder, fast traffic is swerving around them.",illegal_parking,8.5,high,highway,3,1
Broken barrier blocking part of the road at the highway shoulder.,infrastructure,3.5,low,highway,4,2
"Market drain covered by construction debris since yesterday, water cannot reach the outlet.",drainage,6.0,medium,industrial,1,3
Domestic waste has been dumped beside the residential lane instead of being placed at the collection point.,domestic_trash,2.5,low,public,0,2
A pothole has appeared after the recent rain. Motorcycles are slowing down at that point.,pothole,3.5,low,hospital,5,2
Garbage is collecting near houses and the smell is getting worse. The garbage is increasing day by day.,garbage,9.0,critical,hospital,2,0
"Community hall marked with offensive words in a commercial area, the same place was damaged repeatedly.",vandalism,6.5,high,commercial,8,1
The waste collection has not come for a few days. It has been there since yesterday.,garbage,8.5,high,residential,2,1
The road has a large uneven section caused by a pothole. Rainwater is collecting in the hole.,pothole,7.5,high,residential,5,1
"Temple wall covered with political slogans on a highway, visitors have complained about disrespect.",vandalism,6.5,high,highway,8,1
"Pedestrian-crossing sign faded and unreadable in Butwal, vehicles are braking when people enter the road.",road_damaged_sign,7.0,high,industrial,6,1
सडक संकेत सार्वजनिक स्थान को चोकमा भत्किएर दुर्घटनाको डर भएको छ। सरकारले चाँडै हेर्नुपर्यो।,road_damaged_sign,4.2,low,public,6,2
"Ward-office gate covered with illegal advertising near a hospital, part of the public notice cannot be read.",vandalism,6.0,medium,hospital,8,3
"Government vehicles parked fully on the footpath in Birgunj, pedestrians are forced onto the road.",illegal_parking,8.0,high,residential,3,1
The public bin is full and people are putting bags beside it. There are food leftovers mixed with plastic.,garbage,3.5,low,school,2,2
"Public toilet covered with spray-painted tags in a public area, the markings are small but visible.",vandalism,3.0,low,public,8,2
Waste is collecting near the drain and blocking the water flow. Residents are asking for the waste to be picked up.,garbage,3.0,low,hospital,2,2
Wind has scattered plastic waste and paper across the area around an overflowing public bin.,trash,8.0,high,school,7,1
Dherai din dekhi fohor uthako chaina. Manche haru lai dherai problem bhako cha.,garbage,9.5,critical,hospital,2,0
"Delivery vans parked across a school gate, children are entering through traffic.",illegal_parking,8.0,high,school,3,1
There are potholes on the street and motorcycles are struggling to pass. Only a small part of the road is affected.,pothole,2.5,low,residential,5,2
"Park signboard covered with illegal advertising near a school, visitors are using the wrong entrance.",vandalism,6.0,medium,school,8,3
There is a pile of household waste beside the road. The waste is creating a serious problem for people using the area.,garbage,7.0,high,hospital,2,1
There is waste scattered near the roadside and it needs to be collected. Residents are asking for the waste to be picked up.,garbage,9.5,critical,market,2,0
Deep potholes damaging the road surface at the school entrance.,infrastructure,6.5,medium,school,4,3
"Hospital access drain leaking near a hospital, dirty water is crossing the entrance.",drainage,8.5,high,hospital,1,1
The waste collection has not come for a few days. The smell is strong and many people are complaining.,garbage,7.0,high,market,2,1
"Government vehicles left beside a no-parking sign, traffic is moving slowly.",illegal_parking,5.0,medium,commercial,3,3
"Public wall marked with offensive words near a school, the markings are small but visible.",vandalism,3.0,low,school,8,2
The garbage container is overflowing and waste is on the road. It has been there since yesterday.,garbage,9.5,critical,school,2,0
"Household rubbish blocking the pavement, at the hospital entrance.",domestic_trash,4.0,medium,hospital,0,3
कुकुरले घरको फोहोरको बोरा च्यातेर व्यापारिक क्षेत्र भरि फोहोर गरेको छ। मानिसहरूलाई धेरै समस्या भएको छ।,domestic_trash,6.9,medium,commercial,0,3
"Health-post wall covered with illegal advertising near an industrial road, emergency information is partly blocked.",vandalism,7.5,high,industrial,8,1
Food waste dumped beside the road near homes.,domestic_trash,6.5,medium,residential,0,3
Collapsed drain leaving an open gap near the school.,infrastructure,9.5,high,school,4,1
The road surface has broken away and left a hole. The edge of the road is also starting to break.,pothole,7.5,high,school,5,1
"A broken curb has created a large gap that forces pedestrians to step closer to moving traffic, along the public walkway.",infrastructure,5.5,medium,public,4,3
"One-way sign covered by posters near a school, drivers are taking wrong turns and causing traffic.",road_damaged_sign,6.0,medium,school,6,3
Food waste is scattered around because dogs are tearing the bags. Residents are asking for the waste to be picked up.,garbage,7.5,high,school,2,1
"Public water tap left with official lettering blacked out in a public area, sharp parts are exposed beside pedestrians.",vandalism,8.5,high,public,8,1
"Bus shelter covered with spray-painted tags near a market, the same place was damaged repeatedly.",vandalism,6.5,high,market,8,1
"Cars blocking a public bus stop since yesterday, buses are stopping in the traffic lane.",illegal_parking,7.5,high,commercial,3,1
"Delivery vans parked at a busy junction since yesterday, drivers cannot see approaching vehicles.",illegal_parking,8.5,high,market,3,1
Broken barrier blocking part of the road near homes.,infrastructure,8.5,high,residential,4,1
There is a pothole where water collects after rain. Drivers are starting to avoid the spot.,pothole,5.0,medium,hospital,5,3
"Junction sign bent away from traffic near an industrial road, vehicles are entering from conflicting directions.",road_damaged_sign,9.0,critical,industrial,6,0
"Footbridge railing left with its notice torn down on a residential road, the public facility is unsafe to use.",vandalism,7.5,high,residential,8,1
Household garbage has accumulated near the entrance of several houses and is becoming difficult to manage beside the highway access route.,domestic_trash,7.5,high,highway,0,1
आवासीय क्षेत्र को भित्तामा स्प्रे पेन्टले बिगारिएको छ। सरकारले चाँडै हेर्नुपर्यो।,vandalism,7.4,high,residential,8,1
A broken curb has created a large gap that forces pedestrians to step closer to moving traffic along the student walkway.,infrastructure,9.5,high,school,4,1
"Waste enclosure badly scratched near a market, the same place was damaged repeatedly.",vandalism,5.5,medium,market,8,3
"Open drain collapsed beside the road, pedestrians could fall into the opening.",drainage,9.0,critical,public,1,0
"Landslide warning sign hanging from one bolt near a market, motorcycles are braking suddenly.",road_damaged_sign,7.5,high,market,6,1
"Footpath drain leaking near a hospital, dirty water is crossing the entrance.",drainage,8.5,high,hospital,1,1
"Government vehicles left near an industrial gate since yesterday, large vehicles have little turning space.",illegal_parking,6.5,high,industrial,3,1
Domestic waste is overflowing from a collection area and spreading into the nearby residential road along the highway shoulder.,domestic_trash,8.0,high,highway,0,1
गाडीहरू औद्योगिक क्षेत्र को दुबै साइडमा गैरकानूनी पार्किङ गरेका छन्। छिटो कारबाही गर्नुपर्यो।,illegal_parking,4.3,medium,industrial,3,3
"Uncollected household waste is producing a bad smell and causing complaints from nearby residents, near the hospital entrance.",domestic_trash,7.0,high,hospital,0,1
"A manhole cover is loose and uneven, creating a dangerous hazard for pedestrians and cyclists along the highway shoulder.",infrastructure,8.0,high,highway,4,1
"Trash bags scattered on the street, at the school entrance.",domestic_trash,4.5,medium,school,0,3
The road surface has broken away and left a hole. The problem is becoming more noticeable each day.,pothole,5.5,medium,market,5,3
Household waste has been left outside for several days. People are having to walk around the garbage.,garbage,3.5,low,residential,2,2
Collapsed drain leaving an open gap at the factory.,infrastructure,5.5,medium,industrial,4,3
A section of concrete near the hospital entrance has broken apart and is obstructing pedestrian access along the industrial access road.,infrastructure,3.5,low,industrial,4,2
Several holes are visible on the road surface. People walking nearby have to be careful.,pothole,3.5,low,residential,5,2
"Parking restriction sign hidden by branches near a hospital, drivers cannot identify the restricted section.",road_damaged_sign,5.5,medium,hospital,6,3
"Animal-crossing sign knocked down in a public area, drivers are not warned about livestock.",road_damaged_sign,8.0,high,public,6,1
Plastic bottles scattered near the road on the public road.,trash,5.0,medium,public,7,3
There is a hole near the edge of the road where motorcycles pass. The road surface around it is also damaged.,pothole,9.0,critical,hospital,5,0
"A large crack has developed across the concrete pavement, creating a serious trip hazard for pedestrians near the school entrance.",infrastructure,7.0,high,school,4,1
"Microbuses blocking a market loading area, deliveries and shoppers are delayed.",illegal_parking,6.0,medium,market,3,3
There is a pothole where water collects after rain. Vehicles need to slow down at that point.,pothole,5.5,medium,residential,5,3
कुकुरले घरको फोहोरको बोरा च्यातेर अस्पताल भरि फोहोर गरेको छ। फोहोर चाँडै उठाउनुपर्यो।,domestic_trash,9.0,critical,hospital,0,0
"Garbage bags torn open by dogs, beside the school.",domestic_trash,4.0,medium,school,0,3
"Temple wall marked with offensive words on a highway, special cleaning is required.",vandalism,6.0,medium,highway,8,3
There is rubbish around the road and it needs cleaning. The area becomes dirty after the waste is left outside.,garbage,7.5,high,school,2,1
सडकको सतह भत्किएर आवासीय क्षेत्र मा गाडी चलाउन गाह्रो भएको छ। सरकारले चाँडै हेर्नुपर्यो।,infrastructure,6.1,high,residential,4,1
"Public toilet covered with political slogans in a public area, residents have requested cleaning.",vandalism,4.5,medium,public,8,3
"Deep potholes damaging the road surface, beside the school.",infrastructure,5.5,medium,school,4,3
"Food waste dumped beside the road, near the factory.",domestic_trash,8.0,high,industrial,0,1
"Roadwork sign hidden by branches in Dhangadhi, drivers cannot confirm the speed restriction.",road_damaged_sign,6.0,medium,highway,6,3
"Rental cars left near an industrial gate, large vehicles have little turning space.",illegal_parking,7.0,high,industrial,3,1
"No-entry sign bent away from traffic near a hospital, traffic slows while drivers confirm the route.",road_damaged_sign,4.0,low,hospital,6,2
The waste area is attracting flies and has a strong smell. The garbage is increasing day by day.,garbage,7.0,high,school,2,1
"Footbridge railing left with official lettering blacked out on a residential road, the public facility is unsafe to use.",vandalism,6.5,high,residential,8,1
People are leaving garbage beside the road instead of in the bin. The pile is spreading across the walking area.,garbage,7.5,high,school,2,1
"Health-post wall covered with illegal advertising near an industrial road, visitors cannot identify the correct entrance.",vandalism,6.5,high,industrial,8,1
"Household rubbish blocking the pavement, on the public road.",domestic_trash,3.5,low,public,0,2
"Culvert leaking near a hospital after recent rain, dirty water is crossing the entrance.",drainage,8.5,high,hospital,1,1
Garbage bags torn open by dogs at the warehouse.,domestic_trash,6.5,medium,industrial,0,3
"Garbage bags torn open by dogs, on the industrial road.",domestic_trash,2.5,low,industrial,0,2
"Roadwork sign covered by posters on a highway, vehicles are entering the work area too fast.",road_damaged_sign,8.5,high,highway,6,1
"Culvert overflowing near a school after recent rain, children are walking through dirty water.",drainage,8.5,high,school,1,1
A pothole is causing buses and cars to slow down. The broken area is getting wider.,pothole,9.5,critical,hospital,5,0
"Waste enclosure marked with offensive words near a market, the markings are small but visible.",vandalism,3.5,low,market,8,2
A hole has formed in the road and it is difficult for vehicles to pass. The broken area is getting wider.,pothole,9.5,critical,market,5,0
"Pothole on the market road, damaging delivery vehicles daily, shop owners losing business",pothole,8.0,high,market,5,1
Discarded food packaging is covering part of the pavement near the shopping area along the hospital access road.,trash,9.0,high,hospital,7,1
"Animal-crossing sign cracked with a loose edge in a public area, visitors cannot identify the crossing area.",road_damaged_sign,5.5,medium,public,6,3
There is a pile of household waste beside the road. Flies are gathering around the waste.,garbage,3.5,low,hospital,2,2
"Hospital access drain collapsed beside the road, pedestrians could fall into the opening.",drainage,8.5,high,public,1,1
Dherai din dekhi fohor uthako chaina. Yesto fohor uthauna paryo.,garbage,8.0,high,residential,2,1
"Waste enclosure marked with offensive words near a market, residents have requested cleaning.",vandalism,4.5,medium,market,8,3
The street is dirty because garbage has not been collected. People are having to walk around the garbage.,garbage,5.5,medium,school,2,3
"Collapsed drain leaving an open gap, beside the hospital.",infrastructure,6.5,medium,hospital,4,3
Several types of litter have accumulated near the market entrance and are creating a sanitation concern near the community area.,trash,7.5,high,public,7,1
There is a pothole where water collects after rain. Water collects inside the hole after rain.,pothole,9.5,critical,market,5,0
Mixed rubbish has accumulated around the waste collection point near the busy commercial area beside nearby shops.,trash,4.0,medium,commercial,7,3
The road needs repair because of a pothole. Several motorcycles are avoiding the same spot.,pothole,9.0,critical,school,5,0
"Storm-water drain partly blocked by leaves, water drains slowly during rain.",drainage,5.0,medium,public,1,3
"Highway drain overflowing with sewage since yesterday, residents face a serious health risk.",drainage,9.5,critical,residential,1,0
"Delivery vans left over a zebra crossing in Butwal after recent rain, pedestrians are walking into traffic.",illegal_parking,7.5,high,public,3,1
"Delivery vans blocking a hospital entrance in Butwal, ambulances are delayed.",illegal_parking,9.5,critical,hospital,3,0
"Footbridge railing covered with illegal advertising on a residential road, sharp parts are exposed beside pedestrians.",vandalism,8.0,high,residential,8,1
"Bridge-load sign covered by posters in Hetauda, heavy vehicles may enter an unsafe bridge.",road_damaged_sign,9.0,critical,residential,6,0
A pothole is getting larger after rain. It is on a road used by many people.,pothole,9.0,critical,residential,5,0
"One-way sign cracked with a loose edge in Janakpur, drivers are taking wrong turns and causing traffic.",road_damaged_sign,7.0,high,school,6,1
A section of concrete near the hospital entrance has broken apart and is obstructing pedestrian access near the main road junction.,infrastructure,3.5,low,highway,4,2
The garbage pickup has been irregular and waste is staying outside. The smell is strong and many people are complaining.,garbage,7.5,high,market,2,1
"Cargo vans blocking a market loading area in Dharan since yesterday, deliveries and shoppers are delayed.",illegal_parking,6.5,high,market,3,1
"Pedestrian underpass covered with illegal advertising on a residential road, the same place was damaged repeatedly.",vandalism,6.0,medium,residential,8,3
"Landslide warning sign faded and unreadable in Nepalgunj, night drivers cannot see the hazard.",road_damaged_sign,8.5,high,market,6,1
"Taxis blocking a hospital entrance after recent rain, ambulances are delayed.",illegal_parking,9.5,critical,hospital,3,0
There are potholes on the street and motorcycles are struggling to pass. The hole is making the road uncomfortable to use.,pothole,7.5,high,hospital,5,1
"School buses left beside a no-parking sign in Biratnagar after recent rain, traffic is moving slowly.",illegal_parking,5.5,medium,commercial,3,3
A pothole is causing buses and cars to slow down. Motorcycles are at risk of losing balance near the hole.,pothole,7.0,high,school,5,1
"Footpath drain overflowing with sewage since yesterday, residents face a serious health risk.",drainage,9.0,critical,residential,1,0
"Industrial drain blocked with plastic waste, rainwater is flooding the road.",drainage,8.5,high,residential,1,1
"Speed-limit sign cracked with a loose edge in a commercial area, vehicles are entering the work area too fast.",road_damaged_sign,8.5,high,commercial,6,1
"Waste enclosure left with broken tiles near a market, the markings are small but visible.",vandalism,3.0,low,market,8,2
Waste is blocking part of the footpath. The collection has been missed repeatedly and the pile is growing.,garbage,7.0,high,residential,2,1
"Main sewer line collapsed beside the road after recent rain, pedestrians could fall into the opening.",drainage,8.0,high,public,1,1
"Bus-stop sign turned toward the wrong road in a commercial area, passengers are stepping into moving traffic.",road_damaged_sign,8.0,high,commercial,6,1
"Rental cars left over a zebra crossing, pedestrians are walking into traffic.",illegal_parking,7.5,high,public,3,1
"Health-post wall covered with pasted flyers near an industrial road, patients cannot read the service details.",vandalism,6.5,high,industrial,8,1
"Ward-office gate left with its notice torn down near a hospital, part of the public notice cannot be read.",vandalism,5.5,medium,hospital,8,3
"Minibuses blocking a hospital entrance after recent rain, ambulances are delayed.",illegal_parking,9.5,critical,hospital,3,0
There is a pothole on the road and vehicles have to slow down. Buses are slowing down near the damaged section.,pothole,7.5,high,market,5,1
नाला आवासीय क्षेत्र मा प्लास्टिकले अवरुद्ध भएर पानी ओभरफ्लो भइरहेको छ। सरकारले चाँडै हेर्नुपर्यो।,drainage,6.8,high,residential,1,1
"School-zone sign blocked by a vendor board on a highway, pedestrians cannot find the crossing point.",road_damaged_sign,6.5,high,highway,6,1
The road needs repair because of a pothole. It is on a road used by many people.,pothole,6.5,high,school,5,1
"Health-post wall badly scratched near an industrial road, patients cannot read the service details.",vandalism,6.5,high,industrial,8,1
"Discarded household waste is scattered around the neighborhood and creating a visible sanitation problem, near the shopping area.",domestic_trash,9.0,high,commercial,0,1
People are throwing waste in the open area and the pile is getting bigger. The waste is causing water to overflow around the road.,garbage,9.5,critical,school,2,0
"Animal-crossing sign covered by posters in a public area, vehicles are swerving to avoid animals.",road_damaged_sign,7.5,high,public,6,1
"Health-post wall covered with political slogans near an industrial road, visitors cannot identify the correct entrance.",vandalism,6.5,high,industrial,8,1
"Animal-crossing sign blocked by a vendor board in Birgunj, drivers are not warned about livestock.",road_damaged_sign,7.5,high,public,6,1
"Discarded household waste is scattered around the neighborhood and creating a visible sanitation problem, beside the highway access route.",domestic_trash,9.0,high,highway,0,1
"Tourist vans left near an industrial gate since yesterday, large vehicles have little turning space.",illegal_parking,6.5,high,industrial,3,1
"Microbuses parked fully on the footpath, pedestrians are forced onto the road.",illegal_parking,7.0,high,residential,3,1
Domestic rubbish has overflowed from bags and spread onto the pavement near nearby houses beside nearby shops.,domestic_trash,7.0,high,commercial,0,1
A waste collection point is overflowing and loose rubbish is spreading into the nearby road along the neighborhood road.,trash,6.5,medium,residential,7,3
"Temple wall marked with offensive words on a highway, the culturally important surface is damaged.",vandalism,7.5,high,highway,8,1
"Delivery vans parked across a school gate after recent rain, children are entering through traffic.",illegal_parking,8.0,high,school,3,1
"Landslide warning sign missing from its pole near a market, night drivers cannot see the hazard.",road_damaged_sign,9.0,critical,market,6,0
"Landslide warning sign faded and unreadable near a market, motorcycles are braking suddenly.",road_damaged_sign,8.0,high,market,6,1
Yaha fohor ko smell dherai aauchha. Bato ra area fohor bhairako cha.,garbage,8.5,high,market,2,1
"Main sewer line overflowing near a school since yesterday, children are walking through dirty water.",drainage,8.0,high,school,1,1
"Pothole caused by heavy rain and flooding, road sinking, very dangerous for pedestrians and vehicles",pothole,8.5,high,residential,5,1
Waste is collecting near the drain and blocking the water flow. The waste is spreading after people pass by.,garbage,8.0,high,hospital,2,1
Garbage has been left in an open place and is spreading around. The waste is creating a serious problem for people using the area.,garbage,7.5,high,market,2,1
"Landslide warning sign covered by posters near a market, motorcycles are braking suddenly.",road_damaged_sign,8.5,high,market,6,1
"Roadside drain overflowing near a school since yesterday, children are walking through dirty water.",drainage,7.5,high,school,1,1
"Public gutter overflowing near a school since yesterday, children are walking through dirty water.",drainage,7.5,high,school,1,1
"Main sewer line overflowing with sewage since yesterday, residents face a serious health risk.",drainage,9.5,critical,residential,1,0
There is food waste on the street and stray dogs are spreading it. It is mostly a small amount of dry waste.,garbage,2.0,low,hospital,2,2
Bato bigrera manche haru lai hidna pani garo bhako cha. Yaha bata hidna garo bhako cha.,pothole,5.5,medium,residential,5,3
There is a pile of household waste beside the road. The waste is close to the walking path.,garbage,9.0,critical,hospital,2,0
Food waste is scattered around because dogs are tearing the bags. People are avoiding that part of the street.,garbage,9.5,critical,school,2,0
"Cross-road drain overflowing with sewage after recent rain, residents face a serious health risk.",drainage,9.5,critical,residential,1,0
"Tourist vans left over a zebra crossing since yesterday, pedestrians are walking into traffic.",illegal_parking,8.5,high,public,3,1
"Taxis left beside a no-parking sign after recent rain, traffic is moving slowly.",illegal_parking,5.0,medium,commercial,3,3
"One garbage bag torn by dogs, some trash on the sidewalk, easy to clean",garbage,3.0,low,residential,2,2
"Cargo vans blocking a public bus stop after recent rain, buses are stopping in the traffic lane.",illegal_parking,6.5,high,commercial,3,1
"School boundary wall covered with spray-painted tags near an industrial road, the school safety notice is unreadable.",vandalism,7.0,high,industrial,8,1
"Landslide warning sign cracked with a loose edge near a market, drivers are approaching the hazard too quickly.",road_damaged_sign,7.5,high,market,6,1
"Garbage bin full bhayo, fohor bahira jhariraheko cha. Manche haru lai dherai problem bhako cha.",garbage,6.5,high,residential,2,1
"Public waste has accumulated beside the entrance and is creating an unpleasant smell for visitors, near the hospital entrance.",trash,7.5,high,hospital,7,1
"The pedestrian crossing surface is cracked and uneven, creating a risk for people crossing the road, near the shopping area.",infrastructure,7.0,high,commercial,4,1
"Several paving blocks are loose and uneven near the school entrance, making the walkway unsafe near the main road junction.",infrastructure,9.5,high,highway,4,1
"Public wall defaced with large drawings near a school, the markings are small but visible.",vandalism,2.5,low,school,8,2
"Public wall covered with illegal advertising near a school, the markings are small but visible.",vandalism,3.0,low,school,8,2
"Hospital direction sign turned toward the wrong road near a school, visitors need help finding the entrance.",road_damaged_sign,3.5,low,school,6,2
"Bus-stop sign faded and unreadable in a commercial area, passengers are stepping into moving traffic.",road_damaged_sign,7.0,high,commercial,6,1
People are throwing waste in the open area and the pile is getting bigger. The waste is spreading after people pass by.,garbage,9.0,critical,residential,2,0
The street is dirty because garbage has not been collected. The waste is burning and smoke is spreading around the area.,garbage,9.5,critical,residential,2,0
There is a hole on the street that drivers are trying to avoid. The hole is creating a serious risk for people using the road.,pothole,9.0,critical,hospital,5,0
"Public notice board covered with illegal advertising in a commercial area, visitors are using the wrong entrance.",vandalism,6.5,high,commercial,8,1
"Loose domestic rubbish has been blown across the street and into the drainage area after strong wind, beside the highway access route.",domestic_trash,8.5,high,highway,0,1
"Construction vehicles parked across a school gate, children are entering through traffic.",illegal_parking,8.5,high,school,3,1
Food waste and plastic packaging are scattered around the neighborhood after garbage bags were damaged along the public walkway.,domestic_trash,9.5,high,public,0,1
"Minibuses blocking a hospital entrance since yesterday, ambulances are delayed.",illegal_parking,9.5,critical,hospital,3,0
"Delivery vans blocking a public bus stop in Butwal since yesterday, buses are stopping in the traffic lane.",illegal_parking,7.5,high,commercial,3,1
There are many empty bottles and plastic bags lying around. Flies are gathering around the waste.,garbage,5.0,medium,market,2,3
"Public toilet left with broken tiles in a public area, residents have requested cleaning.",vandalism,4.0,low,public,8,2
"Motorcycles parked at a busy junction since yesterday, drivers cannot see approaching vehicles.",illegal_parking,9.0,critical,market,3,0
A large pile of rubbish has been left beside the roadside near a frequently used pedestrian route near nearby homes.,trash,8.0,high,residential,7,1
"Cars parked at a busy junction after recent rain, drivers cannot see approaching vehicles.",illegal_parking,8.5,high,market,3,1
"Buses blocking a public bus stop since yesterday, buses are stopping in the traffic lane.",illegal_parking,6.5,high,commercial,3,1
Waste is collecting near the drain and blocking the water flow. Some bags have been torn open.,garbage,5.0,medium,residential,2,3
Trash bags scattered on the street on the highway shoulder.,domestic_trash,7.5,high,highway,0,1
"Taxis parked fully on the footpath after recent rain, pedestrians are forced onto the road.",illegal_parking,8.0,high,residential,3,1
"Junction sign cracked with a loose edge near an industrial road, drivers are taking wrong turns and causing traffic.",road_damaged_sign,7.0,high,industrial,6,1
"Discarded food packaging is covering part of the pavement near the shopping area, near the community area.",trash,4.5,medium,public,7,3
There is a hole near the edge of the road where motorcycles pass. It is on a road used by many people.,pothole,7.0,high,hospital,5,1
Food containers scattered near the shops at at the school entrance.,trash,8.5,high,school,7,1
"Waste enclosure covered with political slogans near a market, residents have requested cleaning.",vandalism,4.5,medium,market,8,3
"Pedestrian underpass marked with offensive words on a residential road, the same place was damaged repeatedly.",vandalism,6.0,medium,residential,8,3
A section of the footpath has sunk below the surrounding surface and is difficult to walk across safely outside several houses.,infrastructure,3.5,low,residential,4,2
Garbage is lying on the street and people are walking around it. The waste has been left there for several days.,garbage,5.5,medium,hospital,2,3
"Bridge-load sign missing from its pole on a residential road, heavy vehicles may enter an unsafe bridge.",road_damaged_sign,9.0,critical,residential,6,0
Several holes are visible on the road surface. Motorcycles are slowing down at that point.,pothole,7.0,high,market,5,1
"School-side drain leaking near a hospital after recent rain, dirty water is crossing the entrance.",drainage,8.0,high,hospital,1,1
"A waste collection point is overflowing and loose rubbish is spreading into the nearby road, beside the factory service route.",trash,8.0,high,industrial,7,1
Bato bigreko cha ra pothole ma pani jamcha. Yaha bata hidna garo bhako cha.,pothole,7.5,high,hospital,5,1
"Plastic waste and garbage thrown into the river, polluting the water, environment hazard",garbage,7.0,high,residential,2,1
"Temple wall left with its notice torn down on a highway, special cleaning is required.",vandalism,7.0,high,highway,8,1
The waste collection has not come for a few days. The waste is making the area unpleasant.,garbage,7.0,high,hospital,2,1
"Hospital direction sign painted over near a school, ambulances are missing the correct access road.",road_damaged_sign,8.5,high,school,6,1
"Delivery vans blocking a market loading area, deliveries and shoppers are delayed.",illegal_parking,6.0,medium,market,3,3
"Public gutter covered by construction debris since yesterday, water cannot reach the outlet.",drainage,6.0,medium,industrial,1,3
"The pedestrian crossing surface is cracked and uneven, creating a risk for people crossing the road along the highway shoulder.",infrastructure,8.0,high,highway,4,1
"Public notice board left with broken tiles in a commercial area, emergency contact details are blocked.",vandalism,7.0,high,commercial,8,1
"Pickup vehicles blocking a public bus stop after recent rain, buses are stopping in the traffic lane.",illegal_parking,6.5,high,commercial,3,1
The road is uneven because of a pothole. The hole is creating a serious risk for people using the road.,pothole,9.0,critical,market,5,0
"Loose paving blocks near the entrance, near homes.",infrastructure,5.5,medium,residential,4,3
"Culvert leaking near a hospital, dirty water is crossing the entrance.",drainage,8.5,high,hospital,1,1
The road is uneven because of a pothole. It becomes harder to see when it rains.,pothole,7.0,high,market,5,1
"Trucks left beside a no-parking sign in Tulsipur since yesterday, traffic is moving slowly.",illegal_parking,5.5,medium,commercial,3,3
There is a broken section of road near the walking path. Buses are slowing down near the damaged section.,pothole,7.5,high,hospital,5,1
"Rental cars parked at a busy junction, drivers cannot see approaching vehicles.",illegal_parking,8.5,high,market,3,1
There is a hole on the street that drivers are trying to avoid. Motorcycles are at risk of losing balance near the hole.,pothole,7.5,high,school,5,1
A waste collection point is overflowing and loose rubbish is spreading into the nearby road.,trash,2.5,low,public,7,2
A damaged retaining wall is showing visible cracks and appears unstable beside the access road.,infrastructure,3.5,low,commercial,4,2
A pothole is making vehicles move to the other side of the road. Motorcycles are at risk of losing balance near the hole.,pothole,6.5,high,school,5,1
Kukur le fohor ko bag chyatera bato bharि fohor gareko cha. Manche haru lai dherai problem bhako cha.,garbage,9.5,critical,residential,2,0
"Motorcycles parked across a school gate after recent rain, children are entering through traffic.",illegal_parking,8.5,high,school,3,1
"Public notice board left with its notice torn down in a commercial area, visitors are using the wrong entrance.",vandalism,6.0,medium,commercial,8,3
There is a hole near the edge of the road where motorcycles pass. It becomes harder to see when it rains.,pothole,7.5,high,residential,5,1
"Community hall left with its notice torn down in a commercial area, the same place was damaged repeatedly.",vandalism,6.0,medium,commercial,8,3
A pothole is making vehicles move to the other side of the road. Rainwater is collecting in the hole.,pothole,9.5,critical,market,5,0
"Government vehicles parked fully on the footpath after recent rain, pedestrians are forced onto the road.",illegal_parking,8.0,high,residential,3,1
"Culvert blocked with plastic waste since yesterday, rainwater is flooding the road.",drainage,8.5,high,residential,1,1
"Animal-crossing sign missing from its pole in a public area, visitors cannot identify the crossing area.",road_damaged_sign,4.5,medium,public,6,3
"Industrial drain covered by construction debris since yesterday, water cannot reach the outlet.",drainage,5.5,medium,industrial,1,3
Loose manhole cover creating a hazard at houses.,infrastructure,5.0,medium,residential,4,3
A damaged road surface has developed deep potholes that are difficult for vehicles to avoid beside the public access route.,infrastructure,7.0,high,public,4,1
घरघरबाट आएको फोहोर अस्पताल को ढलसम्म पुगेको छ। फोहोर चाँडै उठाउनुपर्यो।,domestic_trash,8.9,critical,hospital,0,0
"Narrow-bridge sign faded and unreadable in Pokhara, motorcycles are braking suddenly.",road_damaged_sign,7.5,high,market,6,1
"Public wall marked with offensive words near a school, the same place was damaged repeatedly.",vandalism,6.0,medium,school,8,3
"Pickup vehicles parked on both sides of a narrow road since yesterday, emergency vehicles cannot pass.",illegal_parking,9.0,critical,hospital,3,0
"Market drain leaking near a hospital, dirty water is crossing the entrance.",drainage,9.0,critical,hospital,1,0
"Pickup vehicles parked across a school gate in Nepalgunj since yesterday, children are entering through traffic.",illegal_parking,8.5,high,school,3,1
A pothole is making vehicles move to the other side of the road. Several motorcycles are avoiding the same spot.,pothole,6.5,high,market,5,1
"School buses parked at a busy junction in Biratnagar since yesterday, drivers cannot see approaching vehicles.",illegal_parking,8.5,high,market,3,1
"Several households have placed overflowing rubbish bags along the roadside, narrowing the pedestrian path, near the shopping area.",domestic_trash,7.0,high,commercial,0,1
The garbage container is overflowing and waste is on the road. The waste is mixed with unsafe material and people are coming close to it.,garbage,9.5,critical,school,2,0
"Garbage bags torn open by dogs, at the school entrance.",domestic_trash,7.5,high,school,0,1
"Food containers scattered near the shops, at the school entrance.",trash,6.5,medium,school,7,3
"School-side drain filled with mud after rain after recent rain, water is entering nearby shops.",drainage,7.5,high,market,1,1
"Parking restriction sign cracked with a loose edge near a hospital, parked cars are blocking junction visibility.",road_damaged_sign,8.0,high,hospital,6,1
मूर्ति र शिल्पकला अस्पताल मा भत्किएको छ। सरकारले चाँडै हेर्नुपर्यो।,vandalism,8.8,critical,hospital,8,0
Discarded food packaging is covering part of the pavement near the shopping area beside the school boundary.,trash,7.0,high,school,7,1
"No-entry sign knocked down near a hospital, traffic slows while drivers confirm the route.",road_damaged_sign,4.5,medium,hospital,6,3
"Private cars parked along a highway shoulder since yesterday, fast traffic is swerving around them.",illegal_parking,8.5,high,highway,3,1
There are several damaged spots and potholes along the street. Rainwater is collecting in the hole.,pothole,2.5,low,residential,5,2
"Highway drain partly blocked by leaves since yesterday, water drains slowly during rain.",drainage,4.5,medium,public,1,3
The road has a damaged patch with a noticeable hole. Cars are moving around it to avoid the hole.,pothole,8.5,high,market,5,1
"Public gutter filled with mud after rain after recent rain, water is entering nearby shops.",drainage,7.0,high,market,1,1
"A section of the footpath has sunk below the surrounding surface and is difficult to walk across safely, beside the factory service route.",infrastructure,9.5,high,industrial,4,1
"Tourist vans blocking a hospital entrance after recent rain, ambulances are delayed.",illegal_parking,9.5,critical,hospital,3,0
The street is dirty because garbage has not been collected. The waste is close to the walking path.,garbage,7.5,high,market,2,1
"Cross-road drain filled with mud after rain since yesterday, water is entering nearby shops.",drainage,7.5,high,market,1,1
"Health-post wall left with official lettering blacked out near an industrial road, patients cannot read the service details.",vandalism,6.0,medium,industrial,8,3
"Speed-limit sign knocked down in a commercial area, vehicles are entering the work area too fast.",road_damaged_sign,8.5,high,commercial,6,1
"Several types of litter have accumulated near the market entrance and are creating a sanitation concern, along the hospital access road.",trash,7.0,high,hospital,7,1
Garbage has been left in an open place and is spreading around. The waste is close to the walking path.,garbage,6.5,high,school,2,1
"Buses parked across a school gate since yesterday, children are entering through traffic.",illegal_parking,8.5,high,school,3,1
Several types of litter have accumulated near the market entrance and are creating a sanitation concern along the hospital access road.,trash,2.5,low,hospital,7,2
"Trash bags scattered on the street, near the school.",domestic_trash,8.0,high,school,0,1
"Wet household rubbish is leaking onto the pavement and creating an unhygienic area near homes, near nearby homes.",domestic_trash,7.5,high,residential,0,1
"Footbridge railing left with its notice torn down on a residential road, the damage may worsen without repair.",vandalism,5.0,medium,residential,8,3
"Cross-road drain overflowing near a school, children are walking through dirty water.",drainage,8.0,high,school,1,1
"Ward-office gate badly scratched near a hospital, part of the public notice cannot be read.",vandalism,6.5,high,hospital,8,1
"Covered drain partly blocked by leaves, water drains slowly during rain.",drainage,4.0,low,public,1,2
"Speed-limit sign missing from its pole in a commercial area, vehicles are entering the work area too fast.",road_damaged_sign,9.0,critical,commercial,6,0
"Tourist vans left beside a no-parking sign since yesterday, traffic is moving slowly.",illegal_parking,5.0,medium,commercial,3,3
Mixed litter blocking the footpath at in the business area.,trash,2.5,low,commercial,7,2
"Narrow-bridge sign covered by posters near a market, drivers are approaching the hazard too quickly.",road_damaged_sign,7.5,high,market,6,1
"A broken concrete barrier has fallen partly onto the road and is creating a traffic hazard, near nearby homes.",infrastructure,5.5,medium,residential,4,3
"Several paving blocks are loose and uneven near the school entrance, making the walkway unsafe beside the hospital walkway.",infrastructure,8.0,high,hospital,4,1
"Public gutter leaking near a hospital, dirty water is crossing the entrance.",drainage,9.0,critical,hospital,1,0
"Public toilet covered with spray-painted tags in a public area, residents have requested cleaning.",vandalism,4.0,low,public,8,2
"Rental cars left near an industrial gate since yesterday, large vehicles have little turning space.",illegal_parking,7.0,high,industrial,3,1
There is a bad smell coming from the garbage near the street. People are avoiding that part of the street.,garbage,3.0,low,market,2,2
"Open drain breeding mosquitoes since yesterday, the area has an increased disease risk.",drainage,6.5,high,residential,1,1
"Trash bags scattered on the street, on the highway shoulder.",domestic_trash,7.0,high,highway,0,1
Food waste dumped beside the road near the factory.,domestic_trash,5.5,medium,industrial,0,3
Public waste has accumulated beside the entrance and is creating an unpleasant smell for visitors beside the factory service route.,trash,8.0,high,industrial,7,1
"Landslide warning sign blocked by a vendor board in Nepalgunj, motorcycles are braking suddenly.",road_damaged_sign,7.5,high,market,6,1
Garbage is piling up near the footpath and making it difficult to pass. The bin is too full to hold more waste.,garbage,7.5,high,hospital,2,1
A pothole is getting larger after rain. The hole is difficult to see when filled with rainwater.,pothole,8.0,high,residential,5,1
बाटो साँघुरो भएर अस्पताल मा ट्राफिक जाम भइरहेको छ पार्किङका कारण। ट्राफिक प्रहरीले हेर्नुपर्यो।,illegal_parking,8.5,critical,hospital,3,0
There are many empty bottles and plastic bags lying around. It has been there since yesterday.,garbage,3.5,low,residential,2,2
Collapsed drain leaving an open gap near the road junction.,infrastructure,4.0,medium,highway,4,3
The garbage pickup has been irregular and waste is staying outside. It has been there since yesterday.,garbage,9.0,critical,hospital,2,0
Domestic waste is overflowing from a collection area and spreading into the nearby residential road along the hospital access road.,domestic_trash,7.0,high,hospital,0,1
"Junction sign knocked down near an industrial road, vehicles are entering from conflicting directions.",road_damaged_sign,9.5,critical,industrial,6,0
"Animal-crossing sign missing from its pole in a public area, vehicles are swerving to avoid animals.",road_damaged_sign,7.5,high,public,6,1
"Narrow-bridge sign turned toward the wrong road in Pokhara, night drivers cannot see the hazard.",road_damaged_sign,9.0,critical,market,6,0
"School boundary wall scraped across the surface near an industrial road, children can see inappropriate language.",vandalism,6.0,medium,industrial,8,3
An overflowing public bin has caused plastic bottles and food containers to spill onto the pavement near the warehouse area.,trash,9.0,high,industrial,7,1
"Speed-limit sign hanging from one bolt in a commercial area, vehicles are entering the work area too fast.",road_damaged_sign,8.0,high,commercial,6,1
"Bus-stop sign hanging from one bolt in a commercial area, buses are stopping in the traffic lane.",road_damaged_sign,7.5,high,commercial,6,1
"Bridge-load sign covered by posters on a residential road, truck drivers cannot confirm the load limit.",road_damaged_sign,6.5,high,residential,6,1
Garbage has been left in an open place and is spreading around. The garbage is increasing day by day.,garbage,9.5,critical,residential,2,0
Garbage bags are broken and the waste is spread across the sidewalk. It is mostly a small amount of dry waste.,garbage,2.0,low,hospital,2,2
"Ward-office gate left with broken tiles near a hospital, emergency contact details are blocked.",vandalism,7.0,high,hospital,8,1
"Residential drain collapsed beside the road since yesterday, pedestrians could fall into the opening.",drainage,8.0,high,public,1,1
"Cargo vans parked on both sides of a narrow road in Dharan since yesterday, emergency vehicles cannot pass.",illegal_parking,9.0,critical,hospital,3,0
"Open drain blocked on the highway since yesterday, waterlogging is slowing heavy traffic.",drainage,8.0,high,highway,1,1
There is waste scattered near the roadside and it needs to be collected. The waste is visible from the nearby road.,garbage,7.5,high,school,2,1
"Pedestrian-crossing sign hidden by branches near an industrial road, children are crossing without warning.",road_damaged_sign,8.5,high,industrial,6,1
Household waste has been left outside for several days. The waste is close to a drain and is affecting water flow.,garbage,8.0,high,market,2,1
There is a pothole where water collects after rain. The hole is causing dangerous movement for vehicles and pedestrians.,pothole,9.5,critical,hospital,5,0
"Wind has scattered plastic waste and paper across the area around an overflowing public bin, beside nearby shops.",trash,4.0,medium,commercial,7,3
"Public toilet covered with political slogans in a public area, the markings are small but visible.",vandalism,3.5,low,public,8,2
Wet household rubbish is leaking onto the pavement and creating an unhygienic area near homes near the shopping area.,domestic_trash,3.5,low,commercial,0,2
"Waste enclosure marked with offensive words near a market, the same place was damaged repeatedly.",vandalism,6.5,high,market,8,1
"A manhole cover is loose and uneven, creating a dangerous hazard for pedestrians and cyclists near the main road junction.",infrastructure,4.5,medium,highway,4,3
There are potholes on the street and motorcycles are struggling to pass. The damaged section is making traffic slower.,pothole,8.0,high,hospital,5,1
"Speed-limit sign painted over in Itahari, vehicles are entering the work area too fast.",road_damaged_sign,8.5,high,commercial,6,1
"Medical waste mixed with regular garbage near the clinic, very dangerous for children playing nearby",garbage,9.5,critical,hospital,2,0
People are throwing waste in the open area and the pile is getting bigger. Children are passing through the area every day.,garbage,6.5,high,market,2,1
A pothole is causing buses and cars to slow down. The damaged spot is limited to one small area.,pothole,2.0,low,hospital,5,2
"Minibuses blocking a market loading area since yesterday, deliveries and shoppers are delayed.",illegal_parking,5.5,medium,market,3,3
The road surface is broken and there is a pothole in the middle. The hole is on a route used frequently by emergency vehicles.,pothole,9.5,critical,school,5,0
Household rubbish blocking the pavement near the road junction.,domestic_trash,2.5,low,highway,0,2
"Microbuses left near an industrial gate, large vehicles have little turning space.",illegal_parking,7.0,high,industrial,3,1
"Covered drain blocked on the highway, waterlogging is slowing heavy traffic.",drainage,7.5,high,highway,1,1
"Uncollected household waste is producing a bad smell and causing complaints from nearby residents, along the industrial access road.",domestic_trash,5.0,medium,industrial,0,3
"Tourist vans parked across a school gate since yesterday, children are entering through traffic.",illegal_parking,7.5,high,school,3,1
Discarded food packaging is covering part of the pavement near the shopping area along the student walkway.,trash,6.5,medium,school,7,3
A pothole is causing buses and cars to slow down. People walking nearby have to be careful.,pothole,7.5,high,school,5,1
The road has a damaged patch with a noticeable hole. Several vehicles are being affected while passing.,pothole,8.5,high,market,5,1
"Culvert filled with mud after rain after recent rain, water is entering nearby shops.",drainage,8.0,high,market,1,1
"Private cars parked on both sides of a narrow road, emergency vehicles cannot pass.",illegal_parking,9.5,critical,hospital,3,0
A pothole is making the road difficult to use at night. It becomes harder to see when it rains.,pothole,2.0,low,market,5,2
"Motorcycles left beside a no-parking sign in Itahari since yesterday, traffic is moving slowly.",illegal_parking,6.0,medium,commercial,3,3
Garbage bags are broken and the waste is spread across the sidewalk. It has been there for several days.,garbage,7.0,high,market,2,1
"The pedestrian crossing surface is cracked and uneven, creating a risk for people crossing the road, beside the public access route.",infrastructure,7.5,high,public,4,1
There is rubbish around the road and it needs cleaning. Some bags have been torn open.,garbage,2.0,low,hospital,2,2
"Microbuses left beside a no-parking sign, traffic is moving slowly.",illegal_parking,5.5,medium,commercial,3,3
"Cars left beside a no-parking sign since yesterday, traffic is moving slowly.",illegal_parking,5.5,medium,commercial,3,3
There is a bad smell coming from the garbage near the street. The area becomes dirty after the waste is left outside.,garbage,6.5,high,hospital,2,1
"Parking restriction sign knocked down near a hospital, drivers cannot identify the restricted section.",road_damaged_sign,5.0,medium,hospital,6,3
Wind has scattered plastic waste and paper across the area around an overflowing public bin near the shopping area.,trash,3.5,low,commercial,7,2
A streetlight pole has been damaged and is leaning toward the pedestrian walkway beside the school boundary.,infrastructure,8.5,high,school,4,1
"Public bin overflowing onto the pavement, on the highway shoulder.",trash,4.0,medium,highway,7,3
"One-way sign painted over near a school, drivers are taking wrong turns and causing traffic.",road_damaged_sign,7.0,high,school,6,1
"Footbridge railing marked with offensive words on a residential road, the damage may worsen without repair.",vandalism,4.0,low,residential,8,2
An overflowing public bin has caused plastic bottles and food containers to spill onto the pavement along the commercial street.,trash,4.5,medium,commercial,7,3
"Plastic wrappers, cans, and food containers are scattered along the public walkway near nearby homes.",trash,5.5,medium,residential,7,3
"Public notice board covered with political slogans in a commercial area, emergency contact details are blocked.",vandalism,7.5,high,commercial,8,1
"Garbage bags containing food waste have been left open, attracting dogs and spreading rubbish across the street near nearby homes.",domestic_trash,7.5,high,residential,0,1
The pothole is filled with rainwater and its depth is hard to see. It is on a road used by many people.,pothole,6.5,high,school,5,1
Bato bigrera manche haru lai hidna pani garo bhako cha. Gadi haru lai problem bhairako cha.,pothole,2.5,low,hospital,5,2
Plastic bags and food waste are spread around the area. The collection vehicle has not come recently.,garbage,2.0,low,hospital,2,2
"Temple wall defaced with large drawings on a highway, the culturally important surface is damaged.",vandalism,8.5,high,highway,8,1
The road has a damaged patch with a noticeable hole. The damaged section is affecting normal traffic.,pothole,6.5,high,hospital,5,1
"Industrial drain breeding mosquitoes since yesterday, the area has an increased disease risk.",drainage,7.5,high,residential,1,1
Uncollected household waste is producing a bad smell and causing complaints from nearby residents.,domestic_trash,5.5,medium,residential,0,3
"Ward-office gate left with its notice torn down near a hospital, visitors are using the wrong entrance.",vandalism,6.0,medium,hospital,8,3
"Junction sign covered by posters near an industrial road, traffic slows while drivers confirm the route.",road_damaged_sign,3.5,low,industrial,6,2
"Few pieces of garbage on the street after market hours, not a major issue",garbage,2.0,low,market,2,2
Bato ko bich ma khadal parera gadi haru avoid garirachan. Gadi haru lai problem bhairako cha.,pothole,2.5,low,market,5,2
"Domestic waste is overflowing from a collection area and spreading into the nearby residential road, along the neighborhood road.",domestic_trash,3.0,low,residential,0,2
"Community hall left with broken tiles in a commercial area, the markings are small but visible.",vandalism,3.0,low,commercial,8,2
"Private cars blocking a public bus stop in Ghorahi after recent rain, buses are stopping in the traffic lane.",illegal_parking,7.0,high,commercial,3,1
"Bridge-load sign faded and unreadable in Hetauda, drivers are stopping to check the restriction.",road_damaged_sign,5.5,medium,residential,6,3
"School-side drain filled with mud after rain, water is entering nearby shops.",drainage,7.5,high,market,1,1
Garbage bags torn open by dogs near the school.,domestic_trash,8.5,high,school,0,1
Garbage is lying on the street and people are walking around it. The bin is too full to hold more waste.,garbage,7.5,high,hospital,2,1
"Public gutter giving off a strong smell since yesterday, nearby residents cannot open windows.",drainage,6.0,medium,residential,1,3
"Large pile of garbage blocking the entrance to the market, not collected for 2 weeks, foul smell everywhere, attracting rats and stray dogs",garbage,9.0,critical,market,2,0
"Mixed litter blocking the footpath, on the residential lane.",trash,6.5,medium,residential,7,3
"Storm-water drain overflowing near a school, children are walking through dirty water.",drainage,8.0,high,school,1,1
The waste collection has not come for a few days. Flies are gathering around the waste.,garbage,8.0,high,market,2,1
"Buses parked along a highway shoulder in Bharatpur since yesterday, fast traffic is swerving around them.",illegal_parking,8.0,high,highway,3,1
"Several sections of the road edge have collapsed, leaving an unsafe drop beside the main route, beside the school boundary.",infrastructure,6.5,medium,school,4,3
Cracked pavement creating a trip hazard near homes.,infrastructure,8.5,high,residential,4,1
"Footpath drain overflowing with sewage after recent rain, residents face a serious health risk.",drainage,9.0,critical,residential,1,0
"Bus shelter left with broken tiles near a market, residents have requested cleaning.",vandalism,4.5,medium,market,8,3
"Tourist vans blocking a residential driveway since yesterday, residents cannot move their vehicles.",illegal_parking,5.0,medium,residential,3,3
"Landslide warning sign hidden by branches in Nepalgunj, drivers are approaching the hazard too quickly.",road_damaged_sign,8.0,high,market,6,1
"Buses parked across a school gate after recent rain, children are entering through traffic.",illegal_parking,8.5,high,school,3,1
"Several sections of the road edge have collapsed, leaving an unsafe drop beside the main route near the main road junction.",infrastructure,8.0,high,highway,4,1
"Roadwork sign turned toward the wrong road on a highway, drivers cannot confirm the speed restriction.",road_damaged_sign,6.5,high,highway,6,1
There is a hole near the edge of the road where motorcycles pass. The broken area is getting wider.,pothole,5.0,medium,residential,5,3
"Public gutter blocked on the highway after recent rain, waterlogging is slowing heavy traffic.",drainage,8.0,high,highway,1,1
"Park signboard damaged with permanent marker near a school, emergency contact details are blocked.",vandalism,7.5,high,school,8,1
"Covered drain leaking near a hospital since yesterday, dirty water is crossing the entrance.",drainage,8.5,high,hospital,1,1
"School boundary wall marked with offensive words near an industrial road, damage is visible from the school gate.",vandalism,6.0,medium,industrial,8,3
Trash bags scattered on the street at the residential lane.,domestic_trash,6.5,medium,residential,0,3
Food containers scattered near the shops on the residential lane.,trash,9.5,high,residential,7,1
"Trucks parked along a highway shoulder in Tulsipur, fast traffic is swerving around them.",illegal_parking,7.5,high,highway,3,1
Public bin overflowing onto the pavement beside the school.,trash,7.0,high,school,7,1
Several types of litter have accumulated near the market entrance and are creating a sanitation concern beside the public access route.,trash,5.5,medium,public,7,3
Public waste left beside the road on the market street.,trash,5.5,medium,commercial,7,3
"Residential drain breeding mosquitoes since yesterday, the area has an increased disease risk.",drainage,7.0,high,residential,1,1
"Plastic wrappers, cans, and food containers are scattered along the public walkway, near the community area.",trash,7.0,high,public,7,1
"Cargo vans left beside a no-parking sign since yesterday, traffic is moving slowly.",illegal_parking,6.0,medium,commercial,3,3
"Household rubbish blocking the pavement, in the business area.",domestic_trash,4.0,medium,commercial,0,3
Public bin overflowing onto the pavement at shops.,trash,5.0,medium,commercial,7,3
The public bin is full and people are putting bags beside it. People are avoiding that part of the street.,garbage,7.0,high,school,2,1
"Park signboard covered with political slogans near a school, emergency contact details are blocked.",vandalism,7.0,high,school,8,1
The public bin is full and people are putting bags beside it. The waste is mixed with unsafe material and people are coming close to it.,garbage,9.5,critical,school,2,0
"Public notice board badly scratched in a commercial area, part of the public notice cannot be read.",vandalism,6.5,high,commercial,8,1
The roadside drain has collapsed and left a deep open gap beside the pedestrian route near the hospital entrance.,infrastructure,7.5,high,hospital,4,1
कुकुरले घरको फोहोरको बोरा च्यातेर सार्वजनिक स्थान भरि फोहोर गरेको छ। फोहोर चाँडै उठाउनुपर्यो।,domestic_trash,3.6,low,public,0,2
Household waste left outside homes near homes.,domestic_trash,8.5,high,residential,0,1
Household waste left outside homes on the highway.,domestic_trash,8.0,high,highway,0,1
Mixed litter has collected around a public waste container and is attracting insects and stray animals beside the hospital walkway.,trash,6.5,medium,hospital,7,3
घरायसी फोहोर ओभरफ्लो भएर बजार को फुटपाथसम्म पुगेको छ। फोहोर चाँडै उठाउनुपर्यो।,domestic_trash,8.1,high,market,0,1
"Ward-office gate left with broken tiles near a hospital, visitors are using the wrong entrance.",vandalism,6.0,medium,hospital,8,3
Loose manhole cover creating a hazard at in the business area.,infrastructure,3.0,low,commercial,4,2
Mixed litter has collected around a public waste container and is attracting insects and stray animals near the main road junction.,trash,7.0,high,highway,7,1
The pothole is filled with rainwater and its depth is hard to see. Buses are slowing down near the damaged section.,pothole,9.5,critical,market,5,0
"School-side drain overflowing near a school, children are walking through dirty water.",drainage,8.0,high,school,1,1
"Pickup vehicles blocking a hospital entrance since yesterday, ambulances are delayed.",illegal_parking,9.0,critical,hospital,3,0
"Footbridge railing covered with pasted flyers on a residential road, the public facility is unsafe to use.",vandalism,7.0,high,residential,8,1
A pothole is making vehicles move to the other side of the road. The hole is difficult to see when filled with rainwater.,pothole,6.5,high,hospital,5,1
"Junction sign covered by posters near an industrial road, vehicles are entering from conflicting directions.",road_damaged_sign,8.5,high,industrial,6,1
Discarded food packaging is covering part of the pavement near the shopping area along the public walkway.,trash,7.5,high,public,7,1
"Stop sign cracked with a loose edge in Kathmandu, traffic slows while drivers confirm the route.",road_damaged_sign,3.5,low,residential,6,2
"The pedestrian crossing surface is cracked and uneven, creating a risk for people crossing the road along the public walkway.",infrastructure,4.0,medium,public,4,3
The road has started breaking around the pothole. The road surface around it is also damaged.,pothole,5.5,medium,residential,5,3
"Footpath drain leaking near a hospital after recent rain, dirty water is crossing the entrance.",drainage,8.5,high,hospital,1,1
"Rubbish has been dumped near the hospital access road and is obstructing part of the walkway, near the community area.",trash,9.5,high,public,7,1
Trash bags scattered on the street at houses.,domestic_trash,4.5,medium,residential,0,3
"Roadwork sign fallen into a drain on a highway, motorcycles are braking near the barriers.",road_damaged_sign,8.0,high,highway,6,1
"Construction vehicles left over a zebra crossing in Bhaktapur since yesterday, pedestrians are walking into traffic.",illegal_parking,8.0,high,public,3,1
"School boundary wall covered with spray-painted tags near an industrial road, children can see inappropriate language.",vandalism,6.5,high,industrial,8,1
"A large pile of rubbish has been left beside the roadside near a frequently used pedestrian route, along the hospital access road.",trash,8.5,high,hospital,7,1
Household waste left outside homes at at the hospital entrance.,domestic_trash,9.5,high,hospital,0,1
"One-way sign hidden by branches in Janakpur, traffic slows while drivers confirm the route.",road_damaged_sign,3.5,low,school,6,2
सडक किनारमा फोहोरको थुप्रो लागेर राजमार्ग बाट हिँड्न गाह्रो भएको छ। मानिसहरूलाई धेरै समस्या भएको छ।,trash,8.1,high,highway,7,1
Garbage is piling up near the footpath and making it difficult to pass. It is limited to a few bags.,garbage,2.5,low,market,2,2
"Footpath drain damaged near a commercial area, wastewater is spreading on the footpath.",drainage,7.0,high,commercial,1,1
"Stop sign cracked with a loose edge on a residential road, drivers are taking wrong turns and causing traffic.",road_damaged_sign,6.0,medium,residential,6,3
The waste area is attracting flies and has a strong smell. Dogs are opening the bags and spreading the waste.,garbage,3.5,low,hospital,2,2
"Garbage pile overflowing on the sidewalk, pedestrians unable to walk, smell unbearable for residents",garbage,8.0,high,residential,2,1
"School-side drain blocked on the highway after recent rain, waterlogging is slowing heavy traffic.",drainage,8.5,high,highway,1,1
The garbage pickup has been irregular and waste is staying outside. The collection vehicle has not come recently.,garbage,6.5,high,residential,2,1
"Sharp-bend sign bent away from traffic in a public area, night drivers cannot see the hazard.",road_damaged_sign,9.0,critical,public,6,0
Mixed litter blocking the footpath near the road junction.,trash,9.5,high,highway,7,1
Garbage is piling up near the footpath and making it difficult to pass. It has been there since yesterday.,garbage,7.0,high,school,2,1
"Industrial drain overflowing near a school, children are walking through dirty water.",drainage,8.5,high,school,1,1
ढल लाइन अस्पताल मा फुटेर दुर्गन्ध आइरहेको छ। नाला सफा गर्नुपर्यो।,drainage,8.9,critical,hospital,1,0
"Public gutter damaged near a commercial area since yesterday, wastewater is spreading on the footpath.",drainage,7.5,high,commercial,1,1
"Loose litter is spreading around an overflowing bin and making the public area difficult to keep clean, near nearby homes.",trash,4.0,medium,residential,7,3
"Delivery vans left beside a no-parking sign after recent rain, traffic is moving slowly.",illegal_parking,5.5,medium,commercial,3,3
A pothole is making vehicles move to the other side of the road. The problem is becoming more noticeable each day.,pothole,5.0,medium,school,5,3
A pothole is making the road difficult to use at night. Rainwater is collecting in the hole.,pothole,8.5,high,school,5,1
"Temple wall left with its notice torn down on a highway, visitors have complained about disrespect.",vandalism,7.5,high,highway,8,1
A pothole is getting larger after rain. Motorcycles are slowing down at that point.,pothole,7.5,high,school,5,1
"Delivery vans blocking a hospital entrance after recent rain, ambulances are delayed.",illegal_parking,9.5,critical,hospital,3,0
"Sharp-bend sign missing from its pole in a public area, motorcycles are braking suddenly.",road_damaged_sign,8.0,high,public,6,1
Loose domestic rubbish has been blown across the street and into the drainage area after strong wind beside the factory service route.,domestic_trash,2.5,low,industrial,0,2
Plastic bottles scattered near the road at the market street.,trash,8.0,high,commercial,7,1
"A waste collection point is overflowing and loose rubbish is spreading into the nearby road, near the school entrance.",trash,5.5,medium,school,7,3
"Minibuses left over a zebra crossing in Lalitpur since yesterday, pedestrians are walking into traffic.",illegal_parking,8.5,high,public,3,1
"Road divider covered with spray-painted tags on a highway, the public facility is unsafe to use.",vandalism,7.0,high,highway,8,1
"Cargo vans blocking a market loading area, deliveries and shoppers are delayed.",illegal_parking,6.5,high,market,3,1
"No-entry sign fallen into a drain near a hospital, drivers are taking wrong turns and causing traffic.",road_damaged_sign,6.0,medium,hospital,6,3
"Footpath drain giving off a strong smell since yesterday, nearby residents cannot open windows.",drainage,5.5,medium,residential,1,3
"Minibuses parked along a highway shoulder since yesterday, fast traffic is swerving around them.",illegal_parking,8.5,high,highway,3,1
"Junction sign hanging from one bolt near an industrial road, vehicles are entering from conflicting directions.",road_damaged_sign,9.0,critical,industrial,6,0
"Main sewer line leaking near a hospital since yesterday, dirty water is crossing the entrance.",drainage,8.0,high,hospital,1,1
"The highway shoulder is badly damaged and contains loose concrete pieces that could affect traffic, near nearby homes.",infrastructure,6.0,medium,residential,4,3
"Covered drain overflowing near a school since yesterday, children are walking through dirty water.",drainage,8.5,high,school,1,1
There are several damaged spots and potholes along the street. Several motorcycles are avoiding the same spot.,pothole,7.0,high,residential,5,1
"Minibuses left beside a no-parking sign since yesterday, traffic is moving slowly.",illegal_parking,5.0,medium,commercial,3,3
"Road divider marked with offensive words on a highway, the damage may worsen without repair.",vandalism,5.0,medium,highway,8,3
"Stop sign hidden by branches on a residential road, traffic slows while drivers confirm the route.",road_damaged_sign,4.0,low,residential,6,2
"No-entry sign missing from its pole near a hospital, vehicles are entering from conflicting directions.",road_damaged_sign,8.5,high,hospital,6,1
"School boundary wall damaged with permanent marker near an industrial road, children can see inappropriate language.",vandalism,6.0,medium,industrial,8,3
Food containers scattered near the shops at the warehouse.,trash,5.5,medium,industrial,7,3
"Roadside drain blocked on the highway after recent rain, waterlogging is slowing heavy traffic.",drainage,8.0,high,highway,1,1
The road needs repair because of a pothole. The damaged section is affecting normal traffic.,pothole,9.0,critical,market,5,0
The public bin is full and people are putting bags beside it. The waste is close to the walking path.,garbage,7.5,high,residential,2,1
"Roadwork sign cracked with a loose edge on a highway, drivers cannot confirm the speed restriction.",road_damaged_sign,5.5,medium,highway,6,3
"Household garbage has accumulated near the entrance of several houses and is becoming difficult to manage, beside the public access route.",domestic_trash,8.0,high,public,0,1
"School buses blocking a hospital entrance, ambulances are delayed.",illegal_parking,9.5,critical,hospital,3,0
"Rubbish has been dumped near the hospital access road and is obstructing part of the walkway, near the school entrance.",trash,3.0,low,school,7,2
Waste is blocking part of the footpath. Rain is washing some of the waste onto the road.,garbage,7.0,high,residential,2,1
There is waste scattered near the roadside and it needs to be collected. Flies are gathering around the waste.,garbage,5.5,medium,school,2,3
"A broken concrete barrier has fallen partly onto the road and is creating a traffic hazard, along the commercial street.",infrastructure,3.0,low,commercial,4,2
Household rubbish blocking the pavement on the highway.,domestic_trash,2.5,low,highway,0,2
"Hospital direction sign knocked down in Bhaktapur, ambulances are missing the correct access road.",road_damaged_sign,8.5,high,school,6,1
"Bus-stop sign covered by posters in a commercial area, buses are stopping in the traffic lane.",road_damaged_sign,7.0,high,commercial,6,1
Garbage has been left in an open place and is spreading around. People are avoiding that part of the street.,garbage,5.0,medium,market,2,3
The waste area is attracting flies and has a strong smell. The waste is making the area unpleasant.,garbage,8.5,high,school,2,1
"Government vehicles blocking a public bus stop, buses are stopping in the traffic lane.",illegal_parking,7.0,high,commercial,3,1
Food containers scattered near the shops beside the school.,trash,8.5,high,school,7,1
The road has a damaged patch with a noticeable hole. Drivers have to brake suddenly when they notice it.,pothole,5.0,medium,market,5,3
"Loose domestic rubbish has been blown across the street and into the drainage area after strong wind, near the community area.",domestic_trash,8.5,high,public,0,1
The road surface has broken away and left a hole. Vehicles are swerving to avoid the hole.,pothole,6.5,high,hospital,5,1
The public bin is full and people are putting bags beside it. The bin is too full to hold more waste.,garbage,5.5,medium,school,2,3
Garbage is piling up near the footpath and making it difficult to pass. The collection vehicle has not come recently.,garbage,9.5,critical,residential,2,0
"Junction sign painted over in Ghorahi, vehicles are entering from conflicting directions.",road_damaged_sign,9.5,critical,industrial,6,0
"Health-post wall badly scratched near an industrial road, emergency information is partly blocked.",vandalism,8.0,high,industrial,8,1
There is rubbish around the road and it needs cleaning. The garbage is increasing day by day.,garbage,5.0,medium,market,2,3
Uncollected trash piling up outside homes in the business area.,domestic_trash,4.5,medium,commercial,0,3
"पानी जम्मा भएर अस्पताल को बाटो डुब्न थाल्यो, गाडीहरू अड्किएका छन्। छिटो मर्मत गर्नुपर्यो।",drainage,8.8,critical,hospital,1,0
"Construction vehicles left beside a no-parking sign since yesterday, traffic is moving slowly.",illegal_parking,6.0,medium,commercial,3,3
"Waste enclosure covered with spray-painted tags near a market, residents have requested cleaning.",vandalism,4.0,low,market,8,2
"Domestic waste has been dumped beside the residential lane instead of being placed at the collection point, near the school entrance.",domestic_trash,3.0,low,school,0,2
"Speed-limit sign covered by posters in a commercial area, vehicles are entering the work area too fast.",road_damaged_sign,9.0,critical,commercial,6,0
"Pickup vehicles blocking a hospital entrance, ambulances are delayed.",illegal_parking,9.0,critical,hospital,3,0
बाटोको किनारा धेरै ठाउँबाट खस्केर बजार मा खतरा भएको छ। छिटो मर्मत गर्नुपर्यो।,infrastructure,8.3,high,market,4,1
The pothole is filled with rainwater and its depth is hard to see. It is a small hole and vehicles can still pass normally.,pothole,3.5,low,hospital,5,2
There is rubbish around the road and it needs cleaning. It is mostly a small amount of dry waste.,garbage,3.0,low,school,2,2
"Junction sign turned toward the wrong road in Ghorahi, traffic slows while drivers confirm the route.",road_damaged_sign,4.0,low,industrial,6,2
Garbage has been left in an open place and is spreading around. The collection vehicle has not come recently.,garbage,3.5,low,hospital,2,2
"School buses left over a zebra crossing, pedestrians are walking into traffic.",illegal_parking,7.5,high,public,3,1
"Parking restriction sign cracked with a loose edge near a hospital, drivers cannot identify the restricted section.",road_damaged_sign,5.0,medium,hospital,6,3
"Market drain overflowing near a school, children are walking through dirty water.",drainage,7.5,high,school,1,1
"Open drain collapsed beside the road after recent rain, pedestrians could fall into the opening.",drainage,9.0,critical,public,1,0
"Main sewer line blocked with plastic waste after recent rain, rainwater is flooding the road.",drainage,8.0,high,residential,1,1
The road needs repair because of a pothole. It has been there for a few days.,pothole,3.0,low,residential,5,2
"Community hall covered with spray-painted tags in a commercial area, the markings are small but visible.",vandalism,3.0,low,commercial,8,2
The road has a deep hole that drivers need to avoid. Water collects inside the hole after rain.,pothole,8.5,high,market,5,1
Loose paving blocks near the entrance on the residential lane.,infrastructure,7.5,high,residential,4,1
"Culvert breeding mosquitoes, the area has an increased disease risk.",drainage,7.5,high,residential,1,1
"Rubbish piled up beside the walkway, near the warehouse.",trash,5.5,medium,industrial,7,3
"Community drain giving off a strong smell, nearby residents cannot open windows.",drainage,6.0,medium,residential,1,3
"Storm-water drain breeding mosquitoes, the area has an increased disease risk.",drainage,7.0,high,residential,1,1
People are throwing waste in the open area and the pile is getting bigger. Some bags have been torn open.,garbage,8.0,high,school,2,1
A pothole is making the road difficult to use at night. Several motorcycles are avoiding the same spot.,pothole,5.5,medium,residential,5,3
"Residential drain overflowing near a school after recent rain, children are walking through dirty water.",drainage,8.0,high,school,1,1
The pothole is making it uncomfortable for people riding motorcycles. The road surface around it is also damaged.,pothole,8.0,high,market,5,1
"Taxis parked fully on the footpath, pedestrians are forced onto the road.",illegal_parking,8.0,high,residential,3,1
"Public water tap badly scratched in a public area, the damage may worsen without repair.",vandalism,5.0,medium,public,8,3
There is a hole near the edge of the road where motorcycles pass. The damaged section is making traffic slower.,pothole,8.0,high,market,5,1
"Stop sign hanging from one bolt on a residential road, traffic slows while drivers confirm the route.",road_damaged_sign,4.5,medium,residential,6,3
एम्बुलेन्स र आकस्मिक गाडी विद्यालय बाट जान नसक्ने भएको छ। मानिसहरूलाई धेरै समस्या भएको छ।,illegal_parking,8.8,critical,school,3,0
"Footpath drain overflowing near a school, children are walking through dirty water.",drainage,8.5,high,school,1,1
Collapsed drain leaving an open gap at the warehouse.,infrastructure,9.5,high,industrial,4,1
"Private cars parked across a school gate after recent rain, children are entering through traffic.",illegal_parking,7.5,high,school,3,1
"Footbridge railing left with broken tiles on a residential road, sharp parts are exposed beside pedestrians.",vandalism,8.5,high,residential,8,1
The roadside drain has collapsed and left a deep open gap beside the pedestrian route near the warehouse area.,infrastructure,2.5,low,industrial,4,2
"Road divider left with broken tiles on a highway, sharp parts are exposed beside pedestrians.",vandalism,8.5,high,highway,8,1
"Public notice board damaged with permanent marker in a commercial area, visitors are using the wrong entrance.",vandalism,7.0,high,commercial,8,1
"School-side drain damaged near a commercial area, wastewater is spreading on the footpath.",drainage,6.5,high,commercial,1,1
"Ward-office gate damaged with permanent marker near a hospital, visitors are using the wrong entrance.",vandalism,7.0,high,hospital,8,1
सार्वजनिक पर्खाल अस्पताल मा तोडफोड भएको छ। मानिसहरूलाई धेरै समस्या भएको छ।,vandalism,8.6,critical,hospital,8,0
"Pickup vehicles left over a zebra crossing in Nepalgunj, pedestrians are walking into traffic.",illegal_parking,8.0,high,public,3,1
"Construction vehicles blocking a market loading area since yesterday, deliveries and shoppers are delayed.",illegal_parking,6.5,high,market,3,1
There is a pile of household waste beside the road. The waste is close to a drain and is affecting water flow.,garbage,7.5,high,residential,2,1
"Household waste has been left beside the road for several days and is attracting insects and stray animals, along the student walkway.",domestic_trash,4.0,medium,school,0,3
"Junction sign faded and unreadable near an industrial road, drivers are taking wrong turns and causing traffic.",road_damaged_sign,7.0,high,industrial,6,1
"Animal-crossing sign fallen into a drain in a public area, vehicles are swerving to avoid animals.",road_damaged_sign,7.5,high,public,6,1
Garbage has been left in an open place and is spreading around. People are asking for collection soon.,garbage,5.5,medium,school,2,3
"Community hall scraped across the surface in a commercial area, the markings are small but visible.",vandalism,2.5,low,commercial,8,2
"One-way sign turned toward the wrong road near a school, drivers are taking wrong turns and causing traffic.",road_damaged_sign,6.5,high,school,6,1
Household garbage has accumulated near the entrance of several houses and is becoming difficult to manage outside several houses.,domestic_trash,6.5,medium,residential,0,3
Broken barrier blocking part of the road at the hospital.,infrastructure,9.5,high,hospital,4,1
"Bus-stop sign bent away from traffic in a commercial area, passengers are stepping into moving traffic.",road_damaged_sign,8.0,high,commercial,6,1
Cracked pavement creating a trip hazard beside the school.,infrastructure,6.5,medium,school,4,3
"Public water tap covered with political slogans in a public area, the damage may worsen without repair.",vandalism,4.5,medium,public,8,3
नो पार्किङ जोनमा पनि बजार मा गाडीहरू पार्किङ गरेका छन्। छिटो कारबाही गर्नुपर्यो।,illegal_parking,8.1,high,market,3,1
"A large crack has developed across the concrete pavement, creating a serious trip hazard for pedestrians, outside several houses.",infrastructure,9.8,high,residential,4,1
"A section of concrete near the hospital entrance has broken apart and is obstructing pedestrian access, along the commercial street.",infrastructure,8.5,high,commercial,4,1
Mixed litter has collected around a public waste container and is attracting insects and stray animals.,trash,8.0,high,industrial,7,1
"Discarded household waste is scattered around the neighborhood and creating a visible sanitation problem, near the main road junction.",domestic_trash,4.5,medium,highway,0,3
"Public bin overflowing onto the pavement, on the highway.",trash,4.5,medium,highway,7,3
"Junction sign painted over near an industrial road, drivers are taking wrong turns and causing traffic.",road_damaged_sign,7.0,high,industrial,6,1
"The pedestrian crossing surface is cracked and uneven, creating a risk for people crossing the road outside several houses.",infrastructure,8.0,high,residential,4,1
"Junction sign hidden by branches near an industrial road, traffic slows while drivers confirm the route.",road_damaged_sign,3.5,low,industrial,6,2
"Public water tap covered with political slogans in a public area, the public facility is unsafe to use.",vandalism,7.0,high,public,8,1
"Temple wall covered with pasted flyers on a highway, visitors have complained about disrespect.",vandalism,7.0,high,highway,8,1
A large pile of rubbish has been left beside the roadside near a frequently used pedestrian route near the community area.,trash,9.5,high,public,7,1
The garbage bin is full and waste is falling onto the ground. The waste is close to the walking path.,garbage,5.5,medium,hospital,2,3
Mixed litter blocking the footpath at the warehouse.,trash,8.0,high,industrial,7,1
सार्वजनिक पर्खाल व्यापारिक क्षेत्र मा तोडफोड भएको छ। मानिसहरूलाई धेरै समस्या भएको छ।,vandalism,5.1,medium,commercial,8,3
"Community hall defaced with large drawings in a commercial area, residents have requested cleaning.",vandalism,4.0,low,commercial,8,2
"Footpath drain leaking near a hospital since yesterday, dirty water is crossing the entrance.",drainage,8.5,high,hospital,1,1
A broken concrete barrier has fallen partly onto the road and is creating a traffic hazard beside the factory service route.,infrastructure,5.5,medium,industrial,4,3
"Construction vehicles blocking a hospital entrance, ambulances are delayed.",illegal_parking,9.0,critical,hospital,3,0
The pothole is filled with rainwater and its depth is hard to see. The hole is on a route used frequently by emergency vehicles.,pothole,9.0,critical,market,5,0
Garbage is piling up near the footpath and making it difficult to pass. Dogs are opening the bags and spreading the waste.,garbage,8.5,high,school,2,1
"Road divider scraped across the surface on a highway, sharp parts are exposed beside pedestrians.",vandalism,8.0,high,highway,8,1
The road has a large uneven section caused by a pothole. The hole is difficult to see when filled with rainwater.,pothole,8.0,high,school,5,1
वर्षापछि विद्यालय को नाला भरि पानी भरिएर बाटोमा फैलिएको छ। सरकारले चाँडै हेर्नुपर्यो।,drainage,9.0,critical,school,1,0
Manche haru le open area ma fohor faliraheka chan. Please collect it soon.,garbage,5.0,medium,hospital,2,3
"Trucks parked at a busy junction since yesterday, drivers cannot see approaching vehicles.",illegal_parking,8.5,high,market,3,1
घरको फोहोरको बोरा औद्योगिक क्षेत्र को बाटोमा छरिएको छ। बाटो र क्षेत्र फोहोर भइरहेको छ।,domestic_trash,3.9,medium,industrial,0,3
"Stop sign covered by posters on a residential road, traffic slows while drivers confirm the route.",road_damaged_sign,4.0,low,residential,6,2
"Storm-water drain leaking near a hospital after recent rain, dirty water is crossing the entrance.",drainage,8.0,high,hospital,1,1
"Pedestrian-crossing sign missing from its pole near an industrial road, vehicles are braking when people enter the road.",road_damaged_sign,7.5,high,industrial,6,1
"Footbridge railing covered with illegal advertising on a residential road, the damage may worsen without repair.",vandalism,4.0,low,residential,8,2
Food waste and plastic packaging are scattered around the neighborhood after garbage bags were damaged near the community area.,domestic_trash,8.5,high,public,0,1
Garbage is piling up near the footpath and making it difficult to pass. The pile is becoming noticeable on the street.,garbage,5.5,medium,school,2,3
"Taxis left over a zebra crossing since yesterday, pedestrians are walking into traffic.",illegal_parking,8.5,high,public,3,1
"Public wall covered with political slogans near a school, the same place was damaged repeatedly.",vandalism,6.0,medium,school,8,3
"Cross-road drain damaged near a commercial area since yesterday, wastewater is spreading on the footpath.",drainage,6.5,high,commercial,1,1
"A manhole cover is loose and uneven, creating a dangerous hazard for pedestrians and cyclists along the student walkway.",infrastructure,8.0,high,school,4,1
"Community drain overflowing with sewage since yesterday, residents face a serious health risk.",drainage,9.5,critical,residential,1,0
"Stop sign fallen into a drain on a residential road, drivers are taking wrong turns and causing traffic.",road_damaged_sign,6.5,high,residential,6,1
"Trash bags scattered on the street, on the residential lane.",domestic_trash,3.0,low,residential,0,2
"School-side drain partly blocked by leaves, water drains slowly during rain.",drainage,5.0,medium,public,1,3
There is a broken section of road near the walking path. It becomes harder to see when it rains.,pothole,7.0,high,hospital,5,1
"Tourist vans parked across a school gate, children are entering through traffic.",illegal_parking,7.5,high,school,3,1
A large pile of rubbish has been left beside the roadside near a frequently used pedestrian route.,trash,3.5,low,commercial,7,2
Garbage has been left in an open place and is spreading around. It has been there for several days.,garbage,5.0,medium,market,2,3
The public bin is full and people are putting bags beside it. The pile is spreading across the walking area.,garbage,7.5,high,residential,2,1
"Speed-limit sign covered by posters in Itahari, motorcycles are braking near the barriers.",road_damaged_sign,8.5,high,commercial,6,1
"Bridge-load sign fallen into a drain on a residential road, heavy vehicles may enter an unsafe bridge.",road_damaged_sign,9.0,critical,residential,6,0
"Rental cars blocking a hospital entrance since yesterday, ambulances are delayed.",illegal_parking,9.5,critical,hospital,3,0
"Footbridge railing covered with spray-painted tags on a residential road, sharp parts are exposed beside pedestrians.",vandalism,8.5,high,residential,8,1
"Main sewer line collapsed beside the road, pedestrians could fall into the opening.",drainage,8.0,high,public,1,1
सिग्नल बोर्ड आवासीय क्षेत्र मा पुरानो भएर मानिसहरूले देख्न सक्दैनन्। छिटो मर्मत गर्नुपर्यो।,road_damaged_sign,5.7,high,residential,6,1
"Heritage rest house covered with pasted flyers near a hospital, visitors have complained about disrespect.",vandalism,7.0,high,hospital,8,1
"Uncollected kitchen waste is piling up outside several homes and creating a strong unpleasant smell, near nearby homes.",domestic_trash,5.5,medium,residential,0,3
Loose paving blocks near the entrance at at the hospital entrance.,infrastructure,7.5,high,hospital,4,1
The street is dirty because garbage has not been collected. Stray animals are spreading the waste around the street.,garbage,8.5,high,residential,2,1
"Open drain collapsed beside the road since yesterday, pedestrians could fall into the opening.",drainage,9.0,critical,public,1,0
"Industrial drain partly blocked by leaves, water drains slowly during rain.",drainage,4.0,low,public,1,2
Household rubbish blocking the pavement near the warehouse.,domestic_trash,4.5,medium,industrial,0,3
"School buses parked at a busy junction, drivers cannot see approaching vehicles.",illegal_parking,8.5,high,market,3,1
A hole has formed in the road and it is difficult for vehicles to pass. It becomes harder to see when it rains.,pothole,5.0,medium,school,5,3
"Delivery vans parked across a school gate since yesterday, children are entering through traffic.",illegal_parking,8.0,high,school,3,1
Loose paving blocks near the entrance near the community area.,infrastructure,5.5,medium,public,4,3
"A waste collection point is overflowing and loose rubbish is spreading into the nearby road, near the shopping area.",trash,7.5,high,commercial,7,1
"Cross-road drain blocked with plastic waste since yesterday, rainwater is flooding the road.",drainage,8.0,high,residential,1,1
"Highway drain covered by construction debris, water cannot reach the outlet.",drainage,6.0,medium,industrial,1,3
"Hospital direction sign covered by posters near a school, patients are taking wrong turns.",road_damaged_sign,7.0,high,school,6,1
The garbage bin is full and waste is falling onto the ground. The waste is making the area unpleasant.,garbage,8.0,high,hospital,2,1
"No-entry sign missing from its pole near a hospital, drivers are taking wrong turns and causing traffic.",road_damaged_sign,6.0,medium,hospital,6,3
"Community hall covered with pasted flyers in a commercial area, the markings are small but visible.",vandalism,2.5,low,commercial,8,2
"A broken concrete barrier has fallen partly onto the road and is creating a traffic hazard, outside several houses.",infrastructure,6.0,medium,residential,4,3
The garbage bin is full and waste is falling onto the ground. Only a small amount of waste is there.,garbage,2.0,low,residential,2,2
"Several households have placed overflowing rubbish bags along the roadside, narrowing the pedestrian path beside nearby shops.",domestic_trash,7.5,high,commercial,0,1
The road has a large uneven section caused by a pothole. Cars are moving around it to avoid the hole.,pothole,7.5,high,residential,5,1
"Heritage rest house covered with spray-painted tags near a hospital, visitors have complained about disrespect.",vandalism,7.5,high,hospital,8,1
Household garbage has accumulated near the entrance of several houses and is becoming difficult to manage near the school entrance.,domestic_trash,3.0,low,school,0,2
"Stop sign covered by posters on a residential road, vehicles are entering from conflicting directions.",road_damaged_sign,9.0,critical,residential,6,0
A pothole has appeared after the recent rain. The damaged section is making traffic slower.,pothole,7.0,high,market,5,1
Rubbish has been dumped near the hospital access road and is obstructing part of the walkway along the industrial access road.,trash,3.5,low,industrial,7,2
Uncollected household waste is producing a bad smell and causing complaints from nearby residents near the hospital entrance.,domestic_trash,5.0,medium,hospital,0,3
The road surface is broken and there is a pothole in the middle. The problem is becoming more noticeable each day.,pothole,7.0,high,school,5,1
"Animal-crossing sign hanging from one bolt in a public area, vehicles are swerving to avoid animals.",road_damaged_sign,8.0,high,public,6,1
Garbage has been left in an open place and is spreading around. It has been there since yesterday.,garbage,7.5,high,residential,2,1
सडक किनारमा फोहोरको थुप्रो लागेर विद्यालय बाट हिँड्न गाह्रो भएको छ। छिटो फोहोर उठाइदिनुपर्यो।,trash,8.6,critical,school,7,0
There are several damaged spots and potholes along the street. Several vehicles are being affected while passing.,pothole,8.5,high,residential,5,1
There is a hole on the street that drivers are trying to avoid. Drivers have to brake suddenly when they notice it.,pothole,8.5,high,school,5,1
"Market drain overflowing with sewage since yesterday, residents face a serious health risk.",drainage,9.5,critical,residential,1,0
"A broken curb has created a large gap that forces pedestrians to step closer to moving traffic, along the hospital access road.",infrastructure,8.0,high,hospital,4,1
"Temple wall marked with offensive words on a highway, visitors have complained about disrespect.",vandalism,6.5,high,highway,8,1
फोहोर उठाउने गाडी ढिलो आउँदा बजार मा फोहोर जम्मा भइरहेको छ। बाटो र क्षेत्र फोहोर भइरहेको छ।,trash,8.3,high,market,7,1
"Public waste has accumulated beside the entrance and is creating an unpleasant smell for visitors, along the hospital access road.",trash,9.5,high,hospital,7,1
A broken curb has created a large gap that forces pedestrians to step closer to moving traffic along the commercial street.,infrastructure,8.0,high,commercial,4,1
"Taxis blocking a market loading area, deliveries and shoppers are delayed.",illegal_parking,5.5,medium,market,3,3
"Roadside drain leaking near a hospital after recent rain, dirty water is crossing the entrance.",drainage,9.0,critical,hospital,1,0
"Public toilet marked with offensive words in a public area, the markings are small but visible.",vandalism,3.5,low,public,8,2
"Bus shelter damaged with permanent marker near a market, the markings are small but visible.",vandalism,3.0,low,market,8,2
"Uncollected kitchen waste is piling up outside several homes and creating a strong unpleasant smell, near the shopping area.",domestic_trash,3.0,low,commercial,0,2
There is a broken section of road near the walking path. It has been there for a few days.,pothole,2.5,low,market,5,2
"Cracked pavement creating a trip hazard, on the industrial road.",infrastructure,5.5,medium,industrial,4,3
"Bus-stop sign painted over in a commercial area, buses are stopping in the traffic lane.",road_damaged_sign,6.5,high,commercial,6,1
"A deep hole has formed in the public walkway and is difficult to notice during low-light conditions, beside the school boundary.",infrastructure,9.5,high,school,4,1
"Main sewer line covered by construction debris, water cannot reach the outlet.",drainage,6.5,high,industrial,1,1
"Highway drain leaking near a hospital since yesterday, dirty water is crossing the entrance.",drainage,9.0,critical,hospital,1,0
"An overflowing public bin has caused plastic bottles and food containers to spill onto the pavement, beside the public access route.",trash,9.5,high,public,7,1
"Health-post wall marked with offensive words near an industrial road, visitors cannot identify the correct entrance.",vandalism,6.5,high,industrial,8,1
"Heritage rest house marked with offensive words near a hospital, the culturally important surface is damaged.",vandalism,7.5,high,hospital,8,1
People are throwing waste in the open area and the pile is getting bigger. Rain is washing some of the waste onto the road.,garbage,8.0,high,market,2,1
There is a hole near the edge of the road where motorcycles pass. Vehicles are having to make sudden turns to avoid it.,pothole,9.5,critical,market,5,0
घरायसी फोहोर ओभरफ्लो भएर विद्यालय को फुटपाथसम्म पुगेको छ। छिटो फोहोर उठाइदिनुपर्यो।,domestic_trash,8.6,critical,school,0,0
"Stop sign blocked by a vendor board on a residential road, drivers are taking wrong turns and causing traffic.",road_damaged_sign,7.0,high,residential,6,1
"Cracked pavement creating a trip hazard, on the residential lane.",infrastructure,3.0,low,residential,4,2
घरघरबाट आएको फोहोर आवासीय क्षेत्र को ढलसम्म पुगेको छ। फोहोर चाँडै उठाउनुपर्यो।,domestic_trash,6.7,high,residential,0,1
"School boundary wall covered with illegal advertising near an industrial road, children can see inappropriate language.",vandalism,7.0,high,industrial,8,1
बाटो साँघुरो भएर बजार मा ट्राफिक जाम भइरहेको छ पार्किङका कारण। मानिसहरूलाई धेरै समस्या भएको छ।,illegal_parking,6.9,high,market,3,1
"Ward-office gate left with broken tiles near a hospital, part of the public notice cannot be read.",vandalism,5.5,medium,hospital,8,3
"Bus-stop sign knocked down in a commercial area, buses are stopping in the traffic lane.",road_damaged_sign,6.5,high,commercial,6,1
"Public notice board covered with spray-painted tags in a commercial area, visitors are using the wrong entrance.",vandalism,6.0,medium,commercial,8,3
"Several paving blocks are loose and uneven near the school entrance, making the walkway unsafe along the hospital access road.",infrastructure,9.0,high,hospital,4,1
"Sharp-bend sign painted over in a public area, motorcycles are braking suddenly.",road_damaged_sign,7.5,high,public,6,1
Manche haru le open area ma fohor faliraheka chan. Yesto fohor uthauna paryo.,garbage,6.5,high,market,2,1
Several bags of household rubbish are blocking part of the footpath outside a row of homes beside the hospital walkway.,domestic_trash,6.0,medium,hospital,0,3
Uncollected trash piling up outside homes at homes.,domestic_trash,4.0,medium,residential,0,3
"Cargo vans parked at a busy junction since yesterday, drivers cannot see approaching vehicles.",illegal_parking,9.0,critical,market,3,0
The garbage bin is full and waste is falling onto the ground. The waste has been left there for several days.,garbage,5.5,medium,residential,2,3
"Narrow-bridge sign fallen into a drain near a market, motorcycles are braking suddenly.",road_damaged_sign,8.0,high,market,6,1
The road has a damaged patch with a noticeable hole. The hole is making the road uncomfortable to use.,pothole,7.0,high,hospital,5,1
"Residential drain blocked with plastic waste since yesterday, rainwater is flooding the road.",drainage,8.0,high,residential,1,1
"Footbridge railing covered with political slogans on a residential road, the damage may worsen without repair.",vandalism,4.0,low,residential,8,2
"Domestic waste has been dumped beside the residential lane instead of being placed at the collection point, along the commercial street.",domestic_trash,8.5,high,commercial,0,1
"Pedestrian underpass left with official lettering blacked out on a residential road, the markings are small but visible.",vandalism,3.0,low,residential,8,2
"Park signboard covered with spray-painted tags near a school, emergency contact details are blocked.",vandalism,8.0,high,school,8,1
"Cargo vans left near an industrial gate since yesterday, large vehicles have little turning space.",illegal_parking,6.0,medium,industrial,3,3
"Garbage bags containing food waste have been left open, attracting dogs and spreading rubbish across the street, beside the hospital walkway.",domestic_trash,9.5,high,hospital,0,1
"Storm-water drain filled with mud after rain since yesterday, water is entering nearby shops.",drainage,7.5,high,market,1,1
"Footpath drain collapsed beside the road, pedestrians could fall into the opening.",drainage,8.5,high,public,1,1
"Pickup vehicles parked across a school gate, children are entering through traffic.",illegal_parking,8.5,high,school,3,1
"Open drain overflowing near a school after recent rain, children are walking through dirty water.",drainage,7.5,high,school,1,1
"Public gutter blocked on the highway, waterlogging is slowing heavy traffic.",drainage,8.0,high,highway,1,1
"Roadside drain filled with mud after rain since yesterday, water is entering nearby shops.",drainage,7.0,high,market,1,1
There is waste scattered near the roadside and it needs to be collected. The area becomes dirty after the waste is left outside.,garbage,2.0,low,residential,2,2
"Open drain breeding mosquitoes, the area has an increased disease risk.",drainage,6.5,high,residential,1,1
"Public water tap badly scratched in a public area, the public facility is unsafe to use.",vandalism,7.5,high,public,8,1
A broken curb has created a large gap that forces pedestrians to step closer to moving traffic beside nearby shops.,infrastructure,7.5,high,commercial,4,1
Wind has scattered plastic waste and paper across the area around an overflowing public bin near the hospital entrance.,trash,3.5,low,hospital,7,2
"Footpath drain filled with mud after rain after recent rain, water is entering nearby shops.",drainage,8.0,high,market,1,1
बिजुलीको पोल बाङ्गिएर बजार को बाटोमा खतरा सिर्जना भएको छ। सरकारले चाँडै हेर्नुपर्यो।,infrastructure,8.0,high,market,4,1
There is food waste on the street and stray dogs are spreading it. People are having to walk around the garbage.,garbage,7.0,high,hospital,2,1
Food waste is scattered around because dogs are tearing the bags. The smell is noticeable around the area.,garbage,7.0,high,school,2,1
"A damaged road surface has developed deep potholes that are difficult for vehicles to avoid, along the commercial street.",infrastructure,3.0,low,commercial,4,2
बजार को भित्तामा स्प्रे पेन्टले बिगारिएको छ। जिम्मेवार मानिस पत्ता लगाउनुपर्यो।,vandalism,6.6,high,market,8,1
"Residential drain filled with mud after rain after recent rain, water is entering nearby shops.",drainage,7.5,high,market,1,1
"Cars left near an industrial gate, large vehicles have little turning space.",illegal_parking,7.0,high,industrial,3,1
"Footpath drain collapsed beside the road since yesterday, pedestrians could fall into the opening.",drainage,8.5,high,public,1,1
"Bus-stop sign missing from its pole in a commercial area, passengers are stepping into moving traffic.",road_damaged_sign,7.5,high,commercial,6,1
सडकको सतह भत्किएर विद्यालय मा गाडी चलाउन गाह्रो भएको छ। सरकारले चाँडै हेर्नुपर्यो।,infrastructure,8.4,critical,school,4,0
"Pedestrian-crossing sign blocked by a vendor board near an industrial road, children are crossing without warning.",road_damaged_sign,9.0,critical,industrial,6,0
प्लास्टिक र कागजको फोहोर बतासले उडेर सार्वजनिक स्थान तिर फैलिएको छ। यस्तो फोहोर सफा गर्नुपर्यो।,trash,3.2,low,public,7,2
"Delivery vans left over a zebra crossing since yesterday, pedestrians are walking into traffic.",illegal_parking,7.5,high,public,3,1
एम्बुलेन्स र आकस्मिक गाडी बजार बाट जान नसक्ने भएको छ। मानिसहरूलाई धेरै समस्या भएको छ।,illegal_parking,7.0,high,market,3,1
"Garbage bin full bhayo, fohor bahira jhariraheko cha. Bato ra area fohor bhairako cha.",garbage,9.0,critical,market,2,0
The pothole is making it uncomfortable for people riding motorcycles. Several vehicles are being affected while passing.,pothole,7.5,high,market,5,1
Waste is collecting near the drain and blocking the water flow. The waste is causing water to overflow around the road.,garbage,9.5,critical,hospital,2,0
People are leaving garbage beside the road instead of in the bin. Rain is washing some of the waste onto the road.,garbage,5.5,medium,hospital,2,3
There are many empty bottles and plastic bags lying around. People are avoiding that part of the street.,garbage,9.0,critical,hospital,2,0
"Construction vehicles blocking a hospital entrance after recent rain, ambulances are delayed.",illegal_parking,9.0,critical,hospital,3,0
The road has a deep hole that drivers need to avoid. Rainwater is collecting in the hole.,pothole,7.5,high,school,5,1
"Garbage bags containing food waste have been left open, attracting dogs and spreading rubbish across the street, along the commercial street.",domestic_trash,4.0,medium,commercial,0,3
"Community hall left with official lettering blacked out in a commercial area, the markings are small but visible.",vandalism,3.5,low,commercial,8,2
The pothole is filled with rainwater and its depth is hard to see. Drivers have to brake suddenly when they notice it.,pothole,5.0,medium,market,5,3
Uncollected trash piling up outside homes on the residential lane.,domestic_trash,6.0,medium,residential,0,3
There is waste scattered near the roadside and it needs to be collected. It has been there for several days.,garbage,6.5,high,residential,2,1
"Main sewer line blocked on the highway, waterlogging is slowing heavy traffic.",drainage,8.5,high,highway,1,1
The road has started breaking around the pothole. Motorcycles are slowing down at that point.,pothole,5.5,medium,hospital,5,3
"School buses parked along a highway shoulder in Biratnagar since yesterday, fast traffic is swerving around them.",illegal_parking,7.5,high,highway,3,1
"A large crack has developed across the concrete pavement, creating a serious trip hazard for pedestrians beside the factory service route.",infrastructure,5.5,medium,industrial,4,3
A section of the footpath has sunk below the surrounding surface and is difficult to walk across safely beside the factory service route.,infrastructure,6.5,medium,industrial,4,3
"Domestic rubbish has overflowed from bags and spread onto the pavement near nearby houses, near the shopping area.",domestic_trash,5.0,medium,commercial,0,3
Food waste and plastic packaging are scattered around the neighborhood after garbage bags were damaged near the shopping area.,domestic_trash,4.0,medium,commercial,0,3
"Stop sign faded and unreadable on a residential road, vehicles are entering from conflicting directions.",road_damaged_sign,8.5,high,residential,6,1
"Roadwork sign hidden by branches on a highway, motorcycles are braking near the barriers.",road_damaged_sign,8.0,high,highway,6,1
"Uncollected kitchen waste is piling up outside several homes and creating a strong unpleasant smell, along the hospital access road.",domestic_trash,9.0,high,hospital,0,1
A pothole is causing buses and cars to slow down. It is on a road used by many people.,pothole,9.0,critical,market,5,0
"Construction vehicles parked on both sides of a narrow road in Bhaktapur, emergency vehicles cannot pass.",illegal_parking,9.0,critical,hospital,3,0
"Highway drain damaged near a commercial area since yesterday, wastewater is spreading on the footpath.",drainage,7.5,high,commercial,1,1
"Pedestrian underpass scraped across the surface on a residential road, residents have requested cleaning.",vandalism,4.5,medium,residential,8,3
"Sharp-bend sign bent away from traffic in Tulsipur, motorcycles are braking suddenly.",road_damaged_sign,8.5,high,public,6,1
"Microbuses blocking a public bus stop since yesterday, buses are stopping in the traffic lane.",illegal_parking,7.5,high,commercial,3,1
"Private cars left near an industrial gate, large vehicles have little turning space.",illegal_parking,6.5,high,industrial,3,1
"Open drain blocked on the highway, waterlogging is slowing heavy traffic.",drainage,8.0,high,highway,1,1
"Community drain blocked on the highway, waterlogging is slowing heavy traffic.",drainage,8.0,high,highway,1,1
"Microbuses parked at a busy junction since yesterday, drivers cannot see approaching vehicles.",illegal_parking,8.5,high,market,3,1
"One-way sign hanging from one bolt in Janakpur, vehicles are entering from conflicting directions.",road_damaged_sign,9.0,critical,school,6,0
Public rubbish has been left beside the community walkway and is affecting normal pedestrian access along the commercial street.,trash,9.0,high,commercial,7,1
"Heritage rest house badly scratched near a hospital, the culturally important surface is damaged.",vandalism,8.0,high,hospital,8,1
Food waste is scattered around because dogs are tearing the bags. The waste is creating a serious health and safety concern.,garbage,9.5,critical,residential,2,0
सडक संकेत अस्पताल को चोकमा भत्किएर दुर्घटनाको डर भएको छ। नयाँ साइन राख्नुपर्यो।,road_damaged_sign,8.8,critical,hospital,6,0
A hole has formed in the road and it is difficult for vehicles to pass. Several motorcycles are avoiding the same spot.,pothole,2.5,low,market,5,2
"Market drain blocked on the highway since yesterday, waterlogging is slowing heavy traffic.",drainage,8.0,high,highway,1,1
"Uncollected trash piling up outside homes, on the residential lane.",domestic_trash,4.0,medium,residential,0,3
"School boundary wall marked with offensive words near an industrial road, the school safety notice is unreadable.",vandalism,7.5,high,industrial,8,1
"Residential drain leaking near a hospital since yesterday, dirty water is crossing the entrance.",drainage,8.0,high,hospital,1,1
"Ward-office gate marked with offensive words near a hospital, emergency contact details are blocked.",vandalism,7.5,high,hospital,8,1
The road has a damaged patch with a noticeable hole. People are asking for the road to be repaired.,pothole,9.5,critical,residential,5,0
Wet household rubbish is leaking onto the pavement and creating an unhygienic area near homes beside the school boundary.,domestic_trash,2.5,low,school,0,2
"Cars blocking a hospital entrance after recent rain, ambulances are delayed.",illegal_parking,9.5,critical,hospital,3,0
The garbage pickup has been irregular and waste is staying outside. The waste is visible from the nearby road.,garbage,6.5,high,market,2,1
"Public toilet covered with illegal advertising in a public area, the markings are small but visible.",vandalism,3.5,low,public,8,2
"Private cars parked along a highway shoulder in Ghorahi, fast traffic is swerving around them.",illegal_parking,8.5,high,highway,3,1
"Discarded food packaging is covering part of the pavement near the shopping area, outside several houses.",trash,6.5,medium,residential,7,3
The pothole is filled with rainwater and its depth is hard to see. Motorcycles are slowing down at that point.,pothole,7.0,high,school,5,1
"Rental cars parked fully on the footpath, pedestrians are forced onto the road.",illegal_parking,7.0,high,residential,3,1
There is a pothole where water collects after rain. Several vehicles are being affected while passing.,pothole,8.0,high,school,5,1
There is a hole near the edge of the road where motorcycles pass. The hole is making the road uncomfortable to use.,pothole,9.0,critical,school,5,0
"Several bags of household rubbish are blocking part of the footpath outside a row of homes, along the student walkway.",domestic_trash,9.0,high,school,0,1
"Trucks blocking a market loading area, deliveries and shoppers are delayed.",illegal_parking,6.0,medium,market,3,3
Mixed rubbish has accumulated around the waste collection point near the busy commercial area along the highway shoulder.,trash,5.5,medium,highway,7,3
A deep hole has formed in the public walkway and is difficult to notice during low-light conditions beside nearby shops.,infrastructure,4.5,medium,commercial,4,3
Several types of litter have accumulated near the market entrance and are creating a sanitation concern outside several houses.,trash,8.0,high,residential,7,1
"Public water tap damaged with permanent marker in a public area, sharp parts are exposed beside pedestrians.",vandalism,8.5,high,public,8,1
The street is dirty because garbage has not been collected. The waste is making the area unpleasant.,garbage,6.5,high,hospital,2,1
"School-side drain leaking near a hospital, dirty water is crossing the entrance.",drainage,8.0,high,hospital,1,1
"Bus shelter scraped across the surface near a market, residents have requested cleaning.",vandalism,4.0,low,market,8,2
"Animal-crossing sign cracked with a loose edge in a public area, vehicles are swerving to avoid animals.",road_damaged_sign,8.5,high,public,6,1
"Market drain covered by construction debris after recent rain, water cannot reach the outlet.",drainage,6.0,medium,industrial,1,3
"Sharp-bend sign turned toward the wrong road in a public area, motorcycles are braking suddenly.",road_damaged_sign,8.5,high,public,6,1
The road is uneven because of a pothole. Motorcycles are slowing down when they reach it.,pothole,5.0,medium,hospital,5,3
"Open drain overflowing near a school since yesterday, children are walking through dirty water.",drainage,7.5,high,school,1,1
The road has a damaged patch with a noticeable hole. It is causing vehicles to shake while crossing.,pothole,9.0,critical,school,5,0
"Open drain damaged near a commercial area, wastewater is spreading on the footpath.",drainage,7.5,high,commercial,1,1
Wet household rubbish is leaking onto the pavement and creating an unhygienic area near homes near the hospital entrance.,domestic_trash,8.0,high,hospital,0,1
ट्रक र बसहरू विद्यालय को बाटो छेकेर पार्किङ गरेका छन्। छिटो कारबाही गर्नुपर्यो।,illegal_parking,8.0,critical,school,3,0
"Plastic wrappers, cans, and food containers are scattered along the public walkway outside several houses.",trash,2.5,low,residential,7,2
A hole in the road is causing vehicles to shake while passing. Motorcycles are slowing down at that point.,pothole,2.5,low,residential,5,2
"Market drain giving off a strong smell, nearby residents cannot open windows.",drainage,6.0,medium,residential,1,3
घरको फोहोरको बोरा आवासीय क्षेत्र को बाटोमा छरिएको छ। छिटो फोहोर उठाइदिनुपर्यो।,domestic_trash,6.7,high,residential,0,1
"A section of the footpath has sunk below the surrounding surface and is difficult to walk across safely, beside the highway access route.",infrastructure,8.5,high,highway,4,1
"Delivery vans blocking a market loading area in Butwal since yesterday, deliveries and shoppers are delayed.",illegal_parking,6.0,medium,market,3,3
"Rubbish piled up beside the walkway, near the community area.",trash,8.5,high,public,7,1
There is rubbish around the road and it needs cleaning. People are having to walk around the garbage.,garbage,2.0,low,market,2,2
"Footpath drain breeding mosquitoes since yesterday, the area has an increased disease risk.",drainage,7.5,high,residential,1,1
A pothole is making vehicles move to the other side of the road. Vehicles are swerving to avoid the hole.,pothole,7.0,high,school,5,1
"Waste enclosure badly scratched near a market, residents have requested cleaning.",vandalism,3.5,low,market,8,2
A pothole is making vehicles move to the other side of the road. The broken area is getting wider.,pothole,5.5,medium,hospital,5,3
"Hospital access drain overflowing with sewage since yesterday, residents face a serious health risk.",drainage,9.0,critical,residential,1,0
"Collapsed drain leaving an open gap, near homes.",infrastructure,7.5,high,residential,4,1
Manche haru le open area ma fohor faliraheka chan. Manche haru lai dherai problem bhako cha.,garbage,7.0,high,school,2,1
The road has started breaking around the pothole. It is a small hole and vehicles can still pass normally.,pothole,2.5,low,residential,5,2
The road has a large uneven section caused by a pothole. The damaged spot is limited to one small area.,pothole,2.0,low,hospital,5,2
"Culvert filled with mud after rain since yesterday, water is entering nearby shops.",drainage,8.0,high,market,1,1
A pothole has appeared after the recent rain. Buses are slowing down near the damaged section.,pothole,5.0,medium,school,5,3
"Cross-road drain giving off a strong smell, nearby residents cannot open windows.",drainage,5.0,medium,residential,1,3
The roadside drain has collapsed and left a deep open gap beside the pedestrian route near the school entrance.,infrastructure,3.5,low,school,4,2
"Household trash bags are scattered across the residential street after being torn open by stray dogs, near the main road junction.",domestic_trash,9.0,high,highway,0,1
The road is uneven because of a pothole. It is causing vehicles to shake while crossing.,pothole,5.5,medium,residential,5,3
Several holes are visible on the road surface. It is causing vehicles to shake while crossing.,pothole,5.5,medium,residential,5,3
"Discarded bottles and takeaway containers are blocking part of the pedestrian path, near the warehouse area.",trash,5.0,medium,industrial,7,3
"Park signboard left with official lettering blacked out near a school, part of the public notice cannot be read.",vandalism,5.5,medium,school,8,3
"Several paving blocks are loose and uneven near the school entrance, making the walkway unsafe along the public walkway.",infrastructure,9.5,high,public,4,1
"Pickup vehicles blocking a public bus stop since yesterday, buses are stopping in the traffic lane.",illegal_parking,6.5,high,commercial,3,1
"Plastic wrappers, cans, and food containers are scattered along the public walkway, along the industrial access road.",trash,7.0,high,industrial,7,1
"Heritage rest house left with broken tiles near a hospital, the culturally important surface is damaged.",vandalism,8.5,high,hospital,8,1
"Garbage pile burning on the roadside, producing toxic smoke, causing breathing problems",garbage,8.0,high,residential,2,1
Kukur le fohor ko bag chyatera bato bharि fohor gareko cha. Bato ra area fohor bhairako cha.,garbage,9.5,critical,residential,2,0
Wet household rubbish is leaking onto the pavement and creating an unhygienic area near homes beside the hospital walkway.,domestic_trash,3.0,low,hospital,0,2
"Cross-road drain covered by construction debris after recent rain, water cannot reach the outlet.",drainage,6.5,high,industrial,1,1
"Park signboard covered with pasted flyers near a school, part of the public notice cannot be read.",vandalism,6.0,medium,school,8,3
"Industrial drain partly blocked by leaves since yesterday, water drains slowly during rain.",drainage,4.0,low,public,1,2
"Residential drain covered by construction debris after recent rain, water cannot reach the outlet.",drainage,6.5,high,industrial,1,1
"Footbridge railing covered with political slogans on a residential road, sharp parts are exposed beside pedestrians.",vandalism,8.0,high,residential,8,1
"Park signboard covered with political slogans near a school, visitors are using the wrong entrance.",vandalism,6.0,medium,school,8,3
Rubbish piled up beside the walkway at the road junction.,trash,9.5,high,highway,7,1
"Cross-road drain filled with mud after rain after recent rain, water is entering nearby shops.",drainage,7.5,high,market,1,1
Plastic bottles scattered near the road at the hospital entrance.,trash,4.5,medium,hospital,7,3
"Landslide warning sign hidden by branches near a market, night drivers cannot see the hazard.",road_damaged_sign,9.0,critical,market,6,0
"Cargo vans blocking a residential driveway, residents cannot move their vehicles.",illegal_parking,4.5,medium,residential,3,3
"Pedestrian-crossing sign knocked down in Butwal, pedestrians cannot find the crossing point.",road_damaged_sign,6.5,high,industrial,6,1
The road needs repair because of a pothole. Water collects inside the hole after rain.,pothole,5.0,medium,market,5,3
घरायसी फोहोर ओभरफ्लो भएर आवासीय क्षेत्र को फुटपाथसम्म पुगेको छ। फोहोर चाँडै उठाउनुपर्यो।,domestic_trash,6.3,high,residential,0,1
"Cracked pavement creating a trip hazard, on the highway shoulder.",infrastructure,3.5,low,highway,4,2
Bato ko bich ma khadal parera gadi haru avoid garirachan. Yaha bata hidna garo bhako cha.,pothole,6.5,high,residential,5,1
"Public water tap covered with pasted flyers in a public area, sharp parts are exposed beside pedestrians.",vandalism,8.5,high,public,8,1
"Open drain leaking near a hospital, dirty water is crossing the entrance.",drainage,9.0,critical,hospital,1,0
"Heritage rest house defaced with large drawings near a hospital, visitors have complained about disrespect.",vandalism,7.5,high,hospital,8,1
"Water logging on the main road after light rain, vehicles stuck, traffic jam for hours",drainage,7.0,high,market,1,1
"Bus shelter left with its notice torn down near a market, the same place was damaged repeatedly.",vandalism,6.5,high,market,8,1
"Industrial drain leaking near a hospital since yesterday, dirty water is crossing the entrance.",drainage,8.5,high,hospital,1,1
"Domestic waste has been dumped beside the residential lane instead of being placed at the collection point, near the shopping area.",domestic_trash,8.0,high,commercial,0,1
"A broken curb has created a large gap that forces pedestrians to step closer to moving traffic, near the hospital entrance.",infrastructure,4.5,medium,hospital,4,3
Rubbish piled up beside the walkway beside the hospital.,trash,4.5,medium,hospital,7,3
Several bags of household rubbish are blocking part of the footpath outside a row of homes near nearby homes.,domestic_trash,9.0,high,residential,0,1
"Road divider left with its notice torn down on a highway, the damage may worsen without repair.",vandalism,4.5,medium,highway,8,3
"A manhole cover is loose and uneven, creating a dangerous hazard for pedestrians and cyclists, beside the highway access route.",infrastructure,9.5,high,highway,4,1
Trash bags scattered on the street at the highway.,domestic_trash,9.0,high,highway,0,1
Household waste has been left outside for several days. The smell is strong and many people are complaining.,garbage,8.5,high,school,2,1
"Bus-stop sign cracked with a loose edge in Biratnagar, buses are stopping in the traffic lane.",road_damaged_sign,6.5,high,commercial,6,1
"Residential drain partly blocked by leaves since yesterday, water drains slowly during rain.",drainage,5.0,medium,public,1,3
"Highway drain covered by construction debris after recent rain, water cannot reach the outlet.",drainage,6.0,medium,industrial,1,3
"Covered drain collapsed beside the road after recent rain, pedestrians could fall into the opening.",drainage,8.5,high,public,1,1
"Pedestrian underpass covered with illegal advertising on a residential road, residents have requested cleaning.",vandalism,4.0,low,residential,8,2
"One-way sign missing from its pole in Janakpur, drivers are taking wrong turns and causing traffic.",road_damaged_sign,6.0,medium,school,6,3
"Bus-stop sign fallen into a drain in a commercial area, buses are stopping in the traffic lane.",road_damaged_sign,7.0,high,commercial,6,1
"स्टप साइन आवासीय क्षेत्र को चोकमा ढलेको छ, गाडीहरू रोकिँदैनन्। नयाँ साइन राख्नुपर्यो।",road_damaged_sign,6.3,high,residential,6,1
Household waste has been left outside for several days. Rain is washing some of the waste onto the road.,garbage,8.0,high,residential,2,1
"Motorcycles blocking a residential driveway, residents cannot move their vehicles.",illegal_parking,4.5,medium,residential,3,3
"Public bin overflowing onto the pavement, near the road junction.",trash,7.0,high,highway,7,1
"Sharp-bend sign missing from its pole in a public area, night drivers cannot see the hazard.",road_damaged_sign,8.5,high,public,6,1
Wind has scattered plastic waste and paper across the area around an overflowing public bin beside the public access route.,trash,5.0,medium,public,7,3
"Bridge-load sign knocked down on a residential road, heavy vehicles may enter an unsafe bridge.",road_damaged_sign,9.5,critical,residential,6,0
The garbage bin is full and waste is falling onto the ground. The collection vehicle has not come recently.,garbage,9.0,critical,hospital,2,0
The garbage bin is full and waste is falling onto the ground. People are having to walk around the garbage.,garbage,5.0,medium,residential,2,3
Garbage is collecting near houses and the smell is getting worse. Some bags have been torn open.,garbage,6.5,high,residential,2,1
Fohor drain najik jamma bhayera pani bagna garo bhako cha. Yesto fohor uthauna paryo.,garbage,9.5,critical,school,2,0
The highway shoulder is badly damaged and contains loose concrete pieces that could affect traffic near the shopping area.,infrastructure,6.5,medium,commercial,4,3
A pothole is causing buses and cars to slow down. Only a small part of the road is affected.,pothole,3.5,low,hospital,5,2
"School boundary wall defaced with large drawings near an industrial road, damage is visible from the school gate.",vandalism,5.5,medium,industrial,8,3
"Plastic wrappers, cans, and food containers are scattered along the public walkway beside the factory service route.",trash,7.0,high,industrial,7,1
"A damaged retaining wall is showing visible cracks and appears unstable beside the access road, near the community area.",infrastructure,5.5,medium,public,4,3
"School buses parked on both sides of a narrow road after recent rain, emergency vehicles cannot pass.",illegal_parking,8.5,high,hospital,3,1
The road surface has broken away and left a hole. Cars are moving around it to avoid the hole.,pothole,5.5,medium,school,5,3
There is a broken section of road near the walking path. Cars are moving around it to avoid the hole.,pothole,5.5,medium,hospital,5,3
"Domestic waste has been dumped beside the residential lane instead of being placed at the collection point, beside the public access route.",domestic_trash,3.5,low,public,0,2
"Government vehicles parked fully on the footpath since yesterday, pedestrians are forced onto the road.",illegal_parking,8.0,high,residential,3,1
नाला अस्पताल मा प्लास्टिकले अवरुद्ध भएर पानी ओभरफ्लो भइरहेको छ। छिटो मर्मत गर्नुपर्यो।,drainage,8.5,critical,hospital,1,0
"Rental cars parked on both sides of a narrow road since yesterday, emergency vehicles cannot pass.",illegal_parking,8.5,high,hospital,3,1
"Deep potholes damaging the road surface, near the school.",infrastructure,3.0,low,school,4,2
There is a pothole where water collects after rain. People walking nearby have to be careful.,pothole,8.5,high,school,5,1
फोहोर राख्ने ठाउँ नभएकोले मानिसहरूले राजमार्ग मा नै फोहोर फाल्ने गर्छन्। छिटो फोहोर उठाइदिनुपर्यो।,domestic_trash,7.3,high,highway,0,1
The road has a deep hole that drivers need to avoid. Motorcycles are at risk of losing balance near the hole.,pothole,7.5,high,market,5,1
"Stop sign missing from its pole on a residential road, drivers are taking wrong turns and causing traffic.",road_damaged_sign,6.5,high,residential,6,1
"Animal-crossing sign turned toward the wrong road in a public area, visitors cannot identify the crossing area.",road_damaged_sign,5.0,medium,public,6,3
"School buses blocking a public bus stop since yesterday, buses are stopping in the traffic lane.",illegal_parking,7.5,high,commercial,3,1
Garbage is piling up near the footpath and making it difficult to pass. Flies are gathering around the waste.,garbage,5.0,medium,school,2,3
"Stop sign covered by posters on a residential road, drivers are taking wrong turns and causing traffic.",road_damaged_sign,6.5,high,residential,6,1
Garbage is lying on the street and people are walking around it. Children are passing through the area every day.,garbage,7.0,high,school,2,1
"Garbage bags torn open by dogs, near the road junction.",domestic_trash,4.5,medium,highway,0,3
Dherai din dekhi fohor uthako chaina. Bato ra area fohor bhairako cha.,garbage,8.5,high,school,2,1
"Roadside drain breeding mosquitoes, the area has an increased disease risk.",drainage,6.5,high,residential,1,1
"Pedestrian underpass marked with offensive words on a residential road, residents have requested cleaning.",vandalism,4.0,low,residential,8,2
Fohor drain najik jamma bhayera pani bagna garo bhako cha. Manche haru lai dherai problem bhako cha.,garbage,8.5,high,hospital,2,1
"Loose litter is spreading around an overflowing bin and making the public area difficult to keep clean, beside the hospital walkway.",trash,7.0,high,hospital,7,1
"Waste enclosure left with its notice torn down near a market, the markings are small but visible.",vandalism,3.0,low,market,8,2
"Community drain overflowing with sewage after recent rain, residents face a serious health risk.",drainage,9.5,critical,residential,1,0
"Plastic bottles scattered near the road, at the hospital entrance.",trash,7.5,high,hospital,7,1
"Covered drain giving off a strong smell since yesterday, nearby residents cannot open windows.",drainage,5.5,medium,residential,1,3
"School-zone sign knocked down on a highway, pedestrians cannot find the crossing point.",road_damaged_sign,7.0,high,highway,6,1
Deep potholes damaging the road surface at houses.,infrastructure,3.0,low,residential,4,2
फोहोर उठाउने गाडी ढिलो आउँदा औद्योगिक क्षेत्र मा फोहोर जम्मा भइरहेको छ। छिटो फोहोर उठाइदिनुपर्यो।,trash,3.7,medium,industrial,7,3
The waste area is attracting flies and has a strong smell. The waste is visible from the nearby road.,garbage,6.5,high,school,2,1
"Ward-office gate damaged with permanent marker near a hospital, emergency contact details are blocked.",vandalism,8.0,high,hospital,8,1
Trash bags scattered on the street at the public walkway.,domestic_trash,6.5,medium,public,0,3
"Heritage rest house scraped across the surface near a hospital, the culturally important surface is damaged.",vandalism,8.0,high,hospital,8,1
"Pothole on the residential street causing vehicles to slow down, water filled inside making it hard to see depth",pothole,6.5,high,residential,5,1
"Main sewer line blocked with plastic waste, rainwater is flooding the road.",drainage,8.0,high,residential,1,1
"Road divider left with official lettering blacked out on a highway, the public facility is unsafe to use.",vandalism,7.5,high,highway,8,1
The highway shoulder is badly damaged and contains loose concrete pieces that could affect traffic along the industrial access road.,infrastructure,5.0,medium,industrial,4,3
There is a pile of household waste beside the road. Rain is washing some of the waste onto the road.,garbage,2.0,low,market,2,2
"Public wall covered with political slogans near a school, residents have requested cleaning.",vandalism,4.0,low,school,8,2
"Speed-limit sign missing from its pole in a commercial area, motorcycles are braking near the barriers.",road_damaged_sign,8.5,high,commercial,6,1
The street is dirty because garbage has not been collected. Dogs are opening the bags and spreading the waste.,garbage,8.5,high,hospital,2,1
There is a hole near the edge of the road where motorcycles pass. The road section is breaking further and traffic is being affected.,pothole,9.0,critical,residential,5,0
"Hospital direction sign faded and unreadable near a school, visitors need help finding the entrance.",road_damaged_sign,4.0,low,school,6,2
"Heritage rest house damaged with permanent marker near a hospital, special cleaning is required.",vandalism,6.5,high,hospital,8,1
"Hospital direction sign faded and unreadable near a school, ambulances are missing the correct access road.",road_damaged_sign,8.5,high,school,6,1
A pothole is making vehicles move to the other side of the road. The edge of the road is also starting to break.,pothole,5.5,medium,residential,5,3
"Animal-crossing sign hidden by branches in Birgunj, vehicles are swerving to avoid animals.",road_damaged_sign,7.5,high,public,6,1
फोहोर उठाउने गाडी ढिलो आउँदा राजमार्ग मा फोहोर जम्मा भइरहेको छ। मानिसहरूलाई धेरै समस्या भएको छ।,trash,8.0,high,highway,7,1
Food waste dumped beside the road at the factory.,domestic_trash,3.5,low,industrial,0,2
Food waste and plastic packaging are scattered around the neighborhood after garbage bags were damaged near the school entrance.,domestic_trash,9.5,high,school,0,1
"Bus-stop sign hidden by branches in a commercial area, buses are stopping in the traffic lane.",road_damaged_sign,7.0,high,commercial,6,1
The road has a large uneven section caused by a pothole. Drivers have to brake suddenly when they notice it.,pothole,8.5,high,market,5,1
"Domestic rubbish has overflowed from bags and spread onto the pavement near nearby houses, along the neighborhood road.",domestic_trash,6.5,medium,residential,0,3
"Plastic bags and disposable containers are scattered around the school boundary after the bin overflowed, along the neighborhood road.",trash,6.0,medium,residential,7,3
"Buses blocking a hospital entrance, ambulances are delayed.",illegal_parking,9.0,critical,hospital,3,0
"Heritage rest house marked with offensive words near a hospital, special cleaning is required.",vandalism,6.0,medium,hospital,8,3
"Industrial drain leaking near a hospital, dirty water is crossing the entrance.",drainage,8.5,high,hospital,1,1
"Parking restriction sign knocked down in Dharan, parked cars are blocking junction visibility.",road_damaged_sign,8.0,high,hospital,6,1
Public waste left beside the road at the school.,trash,3.5,low,school,7,2
Loose domestic rubbish has been blown across the street and into the drainage area after strong wind beside the school boundary.,domestic_trash,6.0,medium,school,0,3
"Public wall damaged with permanent marker near a school, the markings are small but visible.",vandalism,3.5,low,school,8,2
"Cross-road drain blocked on the highway, waterlogging is slowing heavy traffic.",drainage,8.5,high,highway,1,1
"Rental cars blocking a public bus stop in Pokhara, buses are stopping in the traffic lane.",illegal_parking,7.5,high,commercial,3,1
Fohor le footpath ko bato pani chhekiyeko cha. Manche haru lai dherai problem bhako cha.,garbage,8.0,high,market,2,1
Loose litter is spreading around an overflowing bin and making the public area difficult to keep clean near the hospital entrance.,trash,5.0,medium,hospital,7,3
"Open drain blocked on the highway after recent rain, waterlogging is slowing heavy traffic.",drainage,8.0,high,highway,1,1
Several holes are visible on the road surface. Cars are moving around it to avoid the hole.,pothole,9.0,critical,school,5,0
"Residential drain blocked with plastic waste after recent rain, rainwater is flooding the road.",drainage,8.0,high,residential,1,1
"Pickup vehicles parked at a busy junction, drivers cannot see approaching vehicles.",illegal_parking,9.0,critical,market,3,0
"No-entry sign faded and unreadable in Lalitpur, drivers are taking wrong turns and causing traffic.",road_damaged_sign,7.0,high,hospital,6,1
There are many empty bottles and plastic bags lying around. The waste is close to the walking path.,garbage,9.5,critical,residential,2,0
People are throwing waste in the open area and the pile is getting bigger. People are having to walk around the garbage.,garbage,9.0,critical,residential,2,0
"Public water tap left with broken tiles in a public area, sharp parts are exposed beside pedestrians.",vandalism,8.0,high,public,8,1
नो पार्किङ जोनमा पनि आवासीय क्षेत्र मा गाडीहरू पार्किङ गरेका छन्। छिटो कारबाही गर्नुपर्यो।,illegal_parking,7.3,high,residential,3,1
"Loose paving blocks near the entrance, near the road junction.",infrastructure,6.0,medium,highway,4,3
"Animal-crossing sign covered by posters in a public area, drivers are not warned about livestock.",road_damaged_sign,7.0,high,public,6,1
"Hospital direction sign covered by posters near a school, ambulances are missing the correct access road.",road_damaged_sign,9.0,critical,school,6,0
Household waste has been left outside for several days. It is mostly a small amount of dry waste.,garbage,2.0,low,hospital,2,2
There is a bad smell coming from the garbage near the street. The bin is too full to hold more waste.,garbage,5.0,medium,market,2,3
"Sharp-bend sign hidden by branches in a public area, drivers are approaching the hazard too quickly.",road_damaged_sign,7.5,high,public,6,1
"Roadwork sign cracked with a loose edge in Dhangadhi, motorcycles are braking near the barriers.",road_damaged_sign,7.5,high,highway,6,1
"Pedestrian underpass covered with pasted flyers on a residential road, the markings are small but visible.",vandalism,3.5,low,residential,8,2
"A damaged road surface has developed deep potholes that are difficult for vehicles to avoid, outside several houses.",infrastructure,7.5,high,residential,4,1
"Highway drain filled with mud after rain, water is entering nearby shops.",drainage,7.0,high,market,1,1
"Government vehicles parked across a school gate in Birgunj, children are entering through traffic.",illegal_parking,7.5,high,school,3,1
"Minibuses parked on both sides of a narrow road in Lalitpur, emergency vehicles cannot pass.",illegal_parking,9.5,critical,hospital,3,0
"Public toilet left with official lettering blacked out in a public area, the markings are small but visible.",vandalism,3.5,low,public,8,2
Several holes are visible on the road surface. It is difficult to see at night.,pothole,3.5,low,residential,5,2
"Waste enclosure covered with illegal advertising near a market, the markings are small but visible.",vandalism,3.5,low,market,8,2
Food containers scattered near the shops at the community area.,trash,9.0,high,public,7,1
"Delivery vans blocking a hospital entrance since yesterday, ambulances are delayed.",illegal_parking,9.5,critical,hospital,3,0
The road surface has broken away and left a hole. Water collects inside the hole after rain.,pothole,8.5,high,hospital,5,1
"Footpath drain covered by construction debris, water cannot reach the outlet.",drainage,5.5,medium,industrial,1,3
"Speed-limit sign turned toward the wrong road in a commercial area, motorcycles are braking near the barriers.",road_damaged_sign,7.5,high,commercial,6,1
"A section of concrete near the hospital entrance has broken apart and is obstructing pedestrian access, near the main road junction.",infrastructure,3.5,low,highway,4,2
A pothole is making the road difficult to use at night. Motorcycles are at risk of losing balance near the hole.,pothole,6.5,high,residential,5,1
The waste collection has not come for a few days. Children are passing through the area every day.,garbage,5.5,medium,residential,2,3
A damaged retaining wall is showing visible cracks and appears unstable beside the access road beside the public access route.,infrastructure,5.5,medium,public,4,3
सिग्नल बोर्ड व्यापारिक क्षेत्र मा पुरानो भएर मानिसहरूले देख्न सक्दैनन्। छिटो मर्मत गर्नुपर्यो।,road_damaged_sign,4.8,medium,commercial,6,3
"A large pile of rubbish has been left beside the roadside near a frequently used pedestrian route, along the commercial street.",trash,5.5,medium,commercial,7,3
"फोहोर मैला संकलन नभएको धेरै दिन भयो, विद्यालय मा फोहोरको थुप्रो जम्मा भएको छ। बाटो र क्षेत्र फोहोर भइरहेको छ।",trash,8.1,critical,school,7,0
"Industrial drain blocked on the highway since yesterday, waterlogging is slowing heavy traffic.",drainage,7.5,high,highway,1,1
"पानी जम्मा भएर राजमार्ग को बाटो डुब्न थाल्यो, गाडीहरू अड्किएका छन्। मानिसहरूलाई स्वास्थ्य खतरा भएको छ।",drainage,7.2,high,highway,1,1
"Discarded bottles and takeaway containers are blocking part of the pedestrian path, near the school entrance.",trash,4.5,medium,school,7,3
"Government vehicles blocking a public bus stop after recent rain, buses are stopping in the traffic lane.",illegal_parking,7.0,high,commercial,3,1
Cracked pavement creating a trip hazard near the warehouse.,infrastructure,4.5,medium,industrial,4,3
"Taxis parked at a busy junction in Janakpur after recent rain, drivers cannot see approaching vehicles.",illegal_parking,8.0,high,market,3,1
"Bus-stop sign bent away from traffic in a commercial area, buses are stopping in the traffic lane.",road_damaged_sign,7.5,high,commercial,6,1
The road surface has broken away and left a hole. It becomes harder to see when it rains.,pothole,9.5,critical,residential,5,0
A pothole is causing buses and cars to slow down. Buses are slowing down near the damaged section.,pothole,9.0,critical,market,5,0
"Landslide warning sign fallen into a drain near a market, night drivers cannot see the hazard.",road_damaged_sign,9.0,critical,market,6,0
"Waste enclosure damaged with permanent marker near a market, the markings are small but visible.",vandalism,2.5,low,market,8,2
"Ward-office gate covered with illegal advertising near a hospital, visitors are using the wrong entrance.",vandalism,6.5,high,hospital,8,1
Mixed litter has collected around a public waste container and is attracting insects and stray animals near the shopping area.,trash,5.0,medium,commercial,7,3
Loose litter is spreading around an overflowing bin and making the public area difficult to keep clean near the shopping area.,trash,3.5,low,commercial,7,2
"An overflowing public bin has caused plastic bottles and food containers to spill onto the pavement, beside nearby shops.",trash,6.5,medium,commercial,7,3
"The pedestrian crossing surface is cracked and uneven, creating a risk for people crossing the road along the industrial access road.",infrastructure,5.0,medium,industrial,4,3
"Roadwork sign fallen into a drain on a highway, vehicles are entering the work area too fast.",road_damaged_sign,8.5,high,highway,6,1
"Cars parked along a highway shoulder since yesterday, fast traffic is swerving around them.",illegal_parking,7.5,high,highway,3,1
अस्पताल को भित्तामा स्प्रे पेन्टले बिगारिएको छ। मानिसहरूलाई धेरै समस्या भएको छ।,vandalism,9.2,critical,hospital,8,0
"Roadwork sign painted over on a highway, motorcycles are braking near the barriers.",road_damaged_sign,7.5,high,highway,6,1
The road has a large uneven section caused by a pothole. It is on a road used by many people.,pothole,8.5,high,hospital,5,1
"Plastic wrappers, cans, and food containers are scattered along the public walkway, along the commercial street.",trash,9.0,high,commercial,7,1
There is a broken section of road near the walking path. The problem is becoming more noticeable each day.,pothole,5.5,medium,residential,5,3
Cracked pavement creating a trip hazard at the hospital.,infrastructure,4.5,medium,hospital,4,3
"Stop sign faded and unreadable on a residential road, traffic slows while drivers confirm the route.",road_damaged_sign,3.5,low,residential,6,2
Loose litter is spreading around an overflowing bin and making the public area difficult to keep clean near the main road junction.,trash,7.0,high,highway,7,1
सडक किनारमा फोहोरको थुप्रो लागेर सार्वजनिक स्थान बाट हिँड्न गाह्रो भएको छ। बाटो र क्षेत्र फोहोर भइरहेको छ।,trash,4.8,low,public,7,2
There is a hole near the edge of the road where motorcycles pass. Several motorcycles are avoiding the same spot.,pothole,5.0,medium,residential,5,3
"Roadwork sign turned toward the wrong road on a highway, vehicles are entering the work area too fast.",road_damaged_sign,9.0,critical,highway,6,0
There is a pothole where water collects after rain. It becomes harder to see when it rains.,pothole,5.5,medium,market,5,3
"Road divider badly scratched on a highway, the damage may worsen without repair.",vandalism,4.0,low,highway,8,2
The garbage bin is full and waste is falling onto the ground. The bin is too full to hold more waste.,garbage,7.0,high,residential,2,1
Plastic bags and disposable containers are scattered around the school boundary after the bin overflowed along the neighborhood road.,trash,4.0,medium,residential,7,3
"Garbage bags containing food waste have been left open, attracting dogs and spreading rubbish across the street, along the industrial access road.",domestic_trash,6.5,medium,industrial,0,3
"Food containers scattered near the shops, beside the hospital.",trash,7.0,high,hospital,7,1
Collapsed drain leaving an open gap beside the school.,infrastructure,4.0,medium,school,4,3
There are several damaged spots and potholes along the street. The hole is making the road uncomfortable to use.,pothole,3.0,low,hospital,5,2
Uncollected kitchen waste is piling up outside several homes and creating a strong unpleasant smell near the warehouse area.,domestic_trash,9.0,high,industrial,0,1
A waste collection point is overflowing and loose rubbish is spreading into the nearby road along the public walkway.,trash,3.5,low,public,7,2
"Construction vehicles left over a zebra crossing, pedestrians are walking into traffic.",illegal_parking,8.0,high,public,3,1
"Residential drain overflowing with sewage, residents face a serious health risk.",drainage,9.5,critical,residential,1,0
"Animal-crossing sign knocked down in a public area, vehicles are swerving to avoid animals.",road_damaged_sign,8.5,high,public,6,1
"School buses parked on both sides of a narrow road since yesterday, emergency vehicles cannot pass.",illegal_parking,8.5,high,hospital,3,1
"Motorcycles blocking a public bus stop in Itahari after recent rain, buses are stopping in the traffic lane.",illegal_parking,6.5,high,commercial,3,1
Food containers scattered near the shops on the public walkway.,trash,5.5,medium,public,7,3
"Roadside drain covered by construction debris since yesterday, water cannot reach the outlet.",drainage,6.0,medium,industrial,1,3
"Animal-crossing sign painted over in Birgunj, vehicles are swerving to avoid animals.",road_damaged_sign,8.5,high,public,6,1
"Plastic wrappers, cans, and food containers are scattered along the public walkway, beside the hospital walkway.",trash,9.0,high,hospital,7,1
A section of the footpath has sunk below the surrounding surface and is difficult to walk across safely beside nearby shops.,infrastructure,6.0,medium,commercial,4,3
"Household trash bags are scattered across the residential street after being torn open by stray dogs, along the highway shoulder.",domestic_trash,8.5,high,highway,0,1
Rubbish piled up beside the walkway at the hospital.,trash,2.5,low,hospital,7,2
"Construction vehicles blocking a hospital entrance since yesterday, ambulances are delayed.",illegal_parking,9.0,critical,hospital,3,0
Loose paving blocks near the entrance on the public walkway.,infrastructure,4.5,medium,public,4,3
"The pedestrian crossing surface is cracked and uneven, creating a risk for people crossing the road, along the hospital access road.",infrastructure,8.0,high,hospital,4,1
"Domestic waste has been dumped beside the residential lane instead of being placed at the collection point, along the highway shoulder.",domestic_trash,6.5,medium,highway,0,3
"School-side drain blocked with plastic waste since yesterday, rainwater is flooding the road.",drainage,8.0,high,residential,1,1
"Public toilet left with official lettering blacked out in a public area, residents have requested cleaning.",vandalism,4.5,medium,public,8,3
"Main sewer line blocked with plastic waste since yesterday, rainwater is flooding the road.",drainage,8.0,high,residential,1,1
Waste is blocking part of the footpath. The garbage is increasing day by day.,garbage,7.5,high,market,2,1
"Temple wall covered with illegal advertising on a highway, visitors have complained about disrespect.",vandalism,6.5,high,highway,8,1
Rati khadal dekhna garo huncha. Bato banaidina paryo.,pothole,8.0,high,residential,5,1
There is rubbish around the road and it needs cleaning. People are avoiding that part of the street.,garbage,5.5,medium,school,2,3
"Hospital access drain partly blocked by leaves, water drains slowly during rain.",drainage,4.0,low,public,1,2
"Trucks parked on both sides of a narrow road since yesterday, emergency vehicles cannot pass.",illegal_parking,8.5,high,hospital,3,1
"Loose paving blocks near the entrance, beside the hospital.",infrastructure,3.0,low,hospital,4,2
"Public gutter giving off a strong smell, nearby residents cannot open windows.",drainage,6.0,medium,residential,1,3
बाटो साँघुरो भएर आवासीय क्षेत्र मा ट्राफिक जाम भइरहेको छ पार्किङका कारण। मानिसहरूलाई धेरै समस्या भएको छ।,illegal_parking,6.6,high,residential,3,1
Loose litter is spreading around an overflowing bin and making the public area difficult to keep clean along the public walkway.,trash,5.5,medium,public,7,3
"Delivery vans parked fully on the footpath after recent rain, pedestrians are forced onto the road.",illegal_parking,7.0,high,residential,3,1
"Cars left beside a no-parking sign, traffic is moving slowly.",illegal_parking,5.5,medium,commercial,3,3
Wind has scattered plastic waste and paper across the area around an overflowing public bin near the community area.,trash,7.0,high,public,7,1
"Rental cars left over a zebra crossing after recent rain, pedestrians are walking into traffic.",illegal_parking,7.5,high,public,3,1
"Park signboard left with official lettering blacked out near a school, emergency contact details are blocked.",vandalism,7.0,high,school,8,1
दिशा सूचक बोर्ड औद्योगिक क्षेत्र बाट हराएर चालकहरू भ्रमित भइरहेका छन्। छिटो मर्मत गर्नुपर्यो।,road_damaged_sign,5.4,medium,industrial,6,3
"Storm-water drain collapsed beside the road since yesterday, pedestrians could fall into the opening.",drainage,8.0,high,public,1,1
Trash bags scattered on the street near the warehouse.,domestic_trash,3.5,low,industrial,0,2
"Footpath drain giving off a strong smell, nearby residents cannot open windows.",drainage,5.5,medium,residential,1,3
Garbage has been left in an open place and is spreading around. Flies are gathering around the waste.,garbage,6.5,high,hospital,2,1
"Rental cars left beside a no-parking sign since yesterday, traffic is moving slowly.",illegal_parking,5.5,medium,commercial,3,3
The roadside drain has collapsed and left a deep open gap beside the pedestrian route near the community area.,infrastructure,7.0,high,public,4,1
"Health-post wall left with its notice torn down near an industrial road, emergency information is partly blocked.",vandalism,7.0,high,industrial,8,1
Discarded household waste is scattered around the neighborhood and creating a visible sanitation problem.,domestic_trash,8.5,high,hospital,0,1
"Temple wall left with broken tiles on a highway, visitors have complained about disrespect.",vandalism,7.5,high,highway,8,1
"School-side drain damaged near a commercial area since yesterday, wastewater is spreading on the footpath.",drainage,6.5,high,commercial,1,1
"No-entry sign hidden by branches near a hospital, traffic slows while drivers confirm the route.",road_damaged_sign,3.5,low,hospital,6,2
"Storm-water drain leaking near a hospital, dirty water is crossing the entrance.",drainage,8.0,high,hospital,1,1
"Highway drain collapsed beside the road after recent rain, pedestrians could fall into the opening.",drainage,9.0,critical,public,1,0
"Community hall badly scratched in a commercial area, residents have requested cleaning.",vandalism,3.5,low,commercial,8,2
The waste collection has not come for a few days. The garbage is increasing day by day.,garbage,7.0,high,school,2,1
"Main sewer line filled with mud after rain, water is entering nearby shops.",drainage,7.5,high,market,1,1
"Discarded food packaging is covering part of the pavement near the shopping area, near the warehouse area.",trash,8.0,high,industrial,7,1
फोहोरको बोरा च्यातिएर बजार को बाटोभरि छरिएको छ। बाटो र क्षेत्र फोहोर भइरहेको छ।,trash,7.9,high,market,7,1
Garbage has been left in an open place and is spreading around. Some bags have been torn open.,garbage,7.5,high,hospital,2,1
A damaged road surface has developed deep potholes that are difficult for vehicles to avoid near the shopping area.,infrastructure,4.5,medium,commercial,4,3
"Narrow-bridge sign missing from its pole near a market, night drivers cannot see the hazard.",road_damaged_sign,8.5,high,market,6,1
"Temple wall covered with spray-painted tags on a highway, visitors have complained about disrespect.",vandalism,7.5,high,highway,8,1
"Plastic wrappers, cans, and food containers are scattered along the public walkway along the student walkway.",trash,4.5,medium,school,7,3
"Sharp-bend sign hanging from one bolt in a public area, night drivers cannot see the hazard.",road_damaged_sign,9.0,critical,public,6,0
Food waste dumped beside the road on the industrial road.,domestic_trash,9.0,high,industrial,0,1
There is a bad smell coming from the garbage near the street. Children are passing through the area every day.,garbage,9.0,critical,market,2,0
"Several paving blocks are loose and uneven near the school entrance, making the walkway unsafe, along the industrial access road.",infrastructure,3.0,low,industrial,4,2
"Multiple potholes on the main road, entire road surface damaged, vehicles taking alternative routes",pothole,8.0,high,residential,5,1
"A manhole cover is loose and uneven, creating a dangerous hazard for pedestrians and cyclists, along the commercial street.",infrastructure,5.5,medium,commercial,4,3
The road is uneven because of a pothole. Drivers are starting to avoid the spot.,pothole,5.0,medium,residential,5,3
"Community hall covered with political slogans in a commercial area, residents have requested cleaning.",vandalism,4.5,medium,commercial,8,3
"Pedestrian underpass badly scratched on a residential road, the markings are small but visible.",vandalism,3.5,low,residential,8,2
A pothole is getting larger after rain. It becomes harder to see when it rains.,pothole,6.5,high,hospital,5,1
The road surface is broken and there is a pothole in the middle. It is difficult to see at night.,pothole,7.0,high,residential,5,1
"Bridge-load sign cracked with a loose edge on a residential road, truck drivers cannot confirm the load limit.",road_damaged_sign,7.5,high,residential,6,1
सार्वजनिक पर्खाल आवासीय क्षेत्र मा तोडफोड भएको छ। छिटो सफा गर्नुपर्यो।,vandalism,5.3,high,residential,8,1
"Sharp-bend sign painted over in Tulsipur, night drivers cannot see the hazard.",road_damaged_sign,8.0,high,public,6,1
"Food containers scattered near the shops, at the hospital entrance.",trash,7.0,high,hospital,7,1
"Public toilet damaged with permanent marker in a public area, residents have requested cleaning.",vandalism,3.5,low,public,8,2
Domestic waste is overflowing from a collection area and spreading into the nearby residential road along the industrial access road.,domestic_trash,3.5,low,industrial,0,2
"School-zone sign hidden by branches in Bharatpur, pedestrians cannot find the crossing point.",road_damaged_sign,7.5,high,highway,6,1
"Bus shelter damaged with permanent marker near a market, residents have requested cleaning.",vandalism,4.0,low,market,8,2
Deep potholes damaging the road surface near the warehouse.,infrastructure,4.5,medium,industrial,4,3
Khana ko fohor ra plastic bato ma chhariyeko cha. Please collect it soon.,garbage,5.0,medium,hospital,2,3
"Public bin overflowing onto the pavement, on the market street.",trash,5.0,medium,commercial,7,3
Several bags of household rubbish are blocking part of the footpath outside a row of homes along the student walkway.,domestic_trash,7.5,high,school,0,1
"Market drain covered by construction debris, water cannot reach the outlet.",drainage,6.0,medium,industrial,1,3
The street is dirty because garbage has not been collected. It is mostly a small amount of dry waste.,garbage,3.5,low,residential,2,2
"Narrow-bridge sign cracked with a loose edge in Pokhara, drivers are approaching the hazard too quickly.",road_damaged_sign,7.0,high,market,6,1
"School boundary wall covered with political slogans near an industrial road, the school safety notice is unreadable.",vandalism,7.5,high,industrial,8,1
"Landslide warning sign knocked down near a market, motorcycles are braking suddenly.",road_damaged_sign,8.0,high,market,6,1
"Community drain filled with mud after rain after recent rain, water is entering nearby shops.",drainage,7.0,high,market,1,1
Waste is collecting near the drain and blocking the water flow. The waste is close to a drain and is affecting water flow.,garbage,7.0,high,school,2,1
"Cross-road drain overflowing with sewage since yesterday, residents face a serious health risk.",drainage,9.5,critical,residential,1,0
"Public notice board marked with offensive words in a commercial area, visitors are using the wrong entrance.",vandalism,6.5,high,commercial,8,1
"Public water tap scraped across the surface in a public area, sharp parts are exposed beside pedestrians.",vandalism,8.5,high,public,8,1
There is a hole on the street that drivers are trying to avoid. The hole is on a route used frequently by emergency vehicles.,pothole,9.0,critical,market,5,0
"Community drain damaged near a commercial area, wastewater is spreading on the footpath.",drainage,7.5,high,commercial,1,1
"Pedestrian-crossing sign hanging from one bolt near an industrial road, children are crossing without warning.",road_damaged_sign,9.0,critical,industrial,6,0
"Taxis parked across a school gate, children are entering through traffic.",illegal_parking,7.5,high,school,3,1
"Plastic bottles scattered near the road, near the road junction.",trash,6.5,medium,highway,7,3
The pothole is making it uncomfortable for people riding motorcycles. People walking nearby have to be careful.,pothole,9.5,critical,school,5,0
"Junction sign missing from its pole near an industrial road, vehicles are entering from conflicting directions.",road_damaged_sign,8.5,high,industrial,6,1
"Domestic rubbish has overflowed from bags and spread onto the pavement near nearby houses, near nearby homes.",domestic_trash,9.5,high,residential,0,1
"No-entry sign turned toward the wrong road near a hospital, drivers are taking wrong turns and causing traffic.",road_damaged_sign,6.5,high,hospital,6,1
"A damaged road surface has developed deep potholes that are difficult for vehicles to avoid, beside the public access route.",infrastructure,6.0,medium,public,4,3
"Bridge-load sign missing from its pole on a residential road, drivers are stopping to check the restriction.",road_damaged_sign,4.5,medium,residential,6,3
"Public water tap scraped across the surface in a public area, the public facility is unsafe to use.",vandalism,7.5,high,public,8,1
"Hospital access drain damaged near a commercial area since yesterday, wastewater is spreading on the footpath.",drainage,7.0,high,commercial,1,1
"Taxis left over a zebra crossing in Janakpur, pedestrians are walking into traffic.",illegal_parking,8.5,high,public,3,1
The roadside drain has collapsed and left a deep open gap beside the pedestrian route along the highway shoulder.,infrastructure,4.0,medium,highway,4,3
Garbage is collecting near houses and the smell is getting worse. The waste is creating a serious health and safety concern.,garbage,9.5,critical,school,2,0
"Loose litter is spreading around an overflowing bin and making the public area difficult to keep clean, beside the school boundary.",trash,3.0,low,school,7,2
"Market drain giving off a strong smell since yesterday, nearby residents cannot open windows.",drainage,6.0,medium,residential,1,3
The waste collection has not come for a few days. The waste is visible from the nearby road.,garbage,7.5,high,residential,2,1
"Landslide warning sign missing from its pole near a market, drivers are approaching the hazard too quickly.",road_damaged_sign,8.0,high,market,6,1
"Trucks left beside a no-parking sign after recent rain, traffic is moving slowly.",illegal_parking,5.5,medium,commercial,3,3
"Sharp-bend sign turned toward the wrong road in a public area, night drivers cannot see the hazard.",road_damaged_sign,9.0,critical,public,6,0
A pothole is making vehicles move to the other side of the road. People walking nearby have to be careful.,pothole,7.0,high,school,5,1
Garbage is collecting near houses and the smell is getting worse. The waste is making the area unpleasant.,garbage,9.5,critical,hospital,2,0
The road has a large uneven section caused by a pothole. It is causing vehicles to shake while crossing.,pothole,5.0,medium,hospital,5,3
"Food waste dumped beside the road, at the school entrance.",domestic_trash,8.5,high,school,0,1
There are several damaged spots and potholes along the street. The hole is difficult to see when filled with rainwater.,pothole,7.5,high,hospital,5,1
"Taxis blocking a public bus stop since yesterday, buses are stopping in the traffic lane.",illegal_parking,7.0,high,commercial,3,1
There is a hole near the edge of the road where motorcycles pass. The hole is difficult to see when filled with rainwater.,pothole,6.5,high,school,5,1
"Road divider left with its notice torn down on a highway, the public facility is unsafe to use.",vandalism,7.0,high,highway,8,1
"Hospital direction sign blocked by a vendor board near a school, patients are taking wrong turns.",road_damaged_sign,6.0,medium,school,6,3
"Narrow-bridge sign painted over near a market, motorcycles are braking suddenly.",road_damaged_sign,7.5,high,market,6,1
Garbage is lying on the street and people are walking around it. People are having to walk around the garbage.,garbage,5.0,medium,school,2,3
"Loose paving blocks near the entrance, near the school.",infrastructure,8.0,high,school,4,1
"Market drain partly blocked by leaves since yesterday, water drains slowly during rain.",drainage,4.5,medium,public,1,3
There is food waste on the street and stray dogs are spreading it. Dogs are opening the bags and spreading the waste.,garbage,6.5,high,residential,2,1
"Public notice board damaged with permanent marker in a commercial area, part of the public notice cannot be read.",vandalism,6.5,high,commercial,8,1
"Landslide warning sign cracked with a loose edge near a market, night drivers cannot see the hazard.",road_damaged_sign,8.5,high,market,6,1
"Cars parked fully on the footpath in Kathmandu after recent rain, pedestrians are forced onto the road.",illegal_parking,7.0,high,residential,3,1
"Highway drain blocked on the highway after recent rain, waterlogging is slowing heavy traffic.",drainage,8.0,high,highway,1,1
"Ward-office gate badly scratched near a hospital, visitors are using the wrong entrance.",vandalism,7.0,high,hospital,8,1
"Pedestrian-crossing sign bent away from traffic near an industrial road, pedestrians cannot find the crossing point.",road_damaged_sign,7.5,high,industrial,6,1
"Cargo vans left beside a no-parking sign after recent rain, traffic is moving slowly.",illegal_parking,6.0,medium,commercial,3,3
Loose paving blocks near the entrance at the public road.,infrastructure,5.5,medium,public,4,3
There is a pile of household waste beside the road. The waste is making the area unpleasant.,garbage,5.0,medium,hospital,2,3
Waste is collecting near the drain and blocking the water flow. People are having to walk around the garbage.,garbage,8.5,high,school,2,1
"Delivery vans blocking a residential driveway since yesterday, residents cannot move their vehicles.",illegal_parking,5.5,medium,residential,3,3
Several bags of household rubbish are blocking part of the footpath outside a row of homes beside nearby shops.,domestic_trash,3.5,low,commercial,0,2
"One-way sign turned toward the wrong road near a school, vehicles are entering from conflicting directions.",road_damaged_sign,9.0,critical,school,6,0
Several holes are visible on the road surface. Vehicles are swerving to avoid the hole.,pothole,8.5,high,market,5,1
"A manhole cover is loose and uneven, creating a dangerous hazard for pedestrians and cyclists along the public walkway.",infrastructure,8.0,high,public,4,1
A broken concrete barrier has fallen partly onto the road and is creating a traffic hazard beside the hospital walkway.,infrastructure,8.5,high,hospital,4,1
A damaged retaining wall is showing visible cracks and appears unstable beside the access road near the shopping area.,infrastructure,8.5,high,commercial,4,1
"Private cars left over a zebra crossing since yesterday, pedestrians are walking into traffic.",illegal_parking,8.5,high,public,3,1
"Rubbish has been dumped near the hospital access road and is obstructing part of the walkway, beside the school boundary.",trash,7.5,high,school,7,1
"Ward-office gate defaced with large drawings near a hospital, emergency contact details are blocked.",vandalism,7.0,high,hospital,8,1
"Buses blocking a public bus stop, buses are stopping in the traffic lane.",illegal_parking,6.5,high,commercial,3,1
Cracked pavement creating a trip hazard at in the business area.,infrastructure,6.0,medium,commercial,4,3
"Public water tap left with broken tiles in a public area, the damage may worsen without repair.",vandalism,4.0,low,public,8,2
Garbage bags are broken and the waste is spread across the sidewalk. The pile is spreading widely and creating a severe sanitation problem.,garbage,9.5,critical,school,2,0
"Footbridge railing covered with spray-painted tags on a residential road, the public facility is unsafe to use.",vandalism,7.5,high,residential,8,1
"Buses left over a zebra crossing after recent rain, pedestrians are walking into traffic.",illegal_parking,8.0,high,public,3,1
The road needs repair because of a pothole. It becomes harder to see when it rains.,pothole,6.5,high,school,5,1
The road has a deep hole that drivers need to avoid. Cars are moving around it to avoid the hole.,pothole,5.5,medium,hospital,5,3
"Open drain filled with mud after rain since yesterday, water is entering nearby shops.",drainage,7.0,high,market,1,1
Several holes are visible on the road surface. The road surface around it is also damaged.,pothole,6.5,high,hospital,5,1
"A section of concrete near the hospital entrance has broken apart and is obstructing pedestrian access, beside the factory service route.",infrastructure,4.5,medium,industrial,4,3
Garbage bags are broken and the waste is spread across the sidewalk. The collection has been missed repeatedly and the pile is growing.,garbage,8.0,high,market,2,1
"School-side drain overflowing near a school after recent rain, children are walking through dirty water.",drainage,8.0,high,school,1,1
There is a pothole where water collects after rain. The damaged section is making the road difficult to cross safely.,pothole,9.5,critical,residential,5,0
"Highway drain giving off a strong smell since yesterday, nearby residents cannot open windows.",drainage,6.0,medium,residential,1,3
Fohor le footpath ko bato pani chhekiyeko cha. Bato ra area fohor bhairako cha.,garbage,7.5,high,residential,2,1
"Rental cars blocking a hospital entrance, ambulances are delayed.",illegal_parking,9.5,critical,hospital,3,0
"Household rubbish blocking the pavement, on the highway shoulder.",domestic_trash,9.0,high,highway,0,1
Food waste and plastic packaging are scattered around the neighborhood after garbage bags were damaged near the hospital entrance.,domestic_trash,3.0,low,hospital,0,2
"School-zone sign covered by posters in Bharatpur, vehicles are braking when people enter the road.",road_damaged_sign,8.0,high,highway,6,1
Household waste has been left outside for several days. The collection has been missed repeatedly and the pile is growing.,garbage,7.0,high,market,2,1
"School boundary wall left with its notice torn down near an industrial road, damage is visible from the school gate.",vandalism,5.5,medium,industrial,8,3
"Public wall covered with political slogans near a school, the markings are small but visible.",vandalism,3.0,low,school,8,2
